Workbook

Sheet dataset_info
A1: patient_id | B1: dataset | C1: bilateral_breast_cancer | D1: multifocal_cancer | E1: nac_agent | F1: endocrine_therapy | G1: anti_her2_neu_therapy | H1: pcr | I1: mastectomy_post_nac | J1: days_to_follow_up | K1: days_to_recurrence | L1: days_to_metastasis | M1: days_to_death | N1: hr | O1: er | P1: pr | Q1: her2 | R1: mammaprint | S1: oncotype_score | T1: nottingham_grade | U1: tumor_subtype | V1: age | W1: menopause | X1: ethnicity | Y1: has_implant | Z1: weight | AA1: patient_size | AB1: bmi_group | AC1: breast_density | AD1: view | AE1: bilateral_mri | AF1: num_phases | AG1: fat_suppressed | AH1: field_strength | AI1: image_rows | AJ1: image_columns | AK1: num_slices | AL1: pixel_spacing | AM1: slice_thickness | AN1: site | AO1: manufacturer | AP1: scanner_model | AQ1: high_bit | AR1: window_center | AS1: window_width | AT1: echo_time | AU1: repetition_time | AV1: acquisition_times | AW1: acquisition_date | AX1: tcia_series_uid
A2: DUKE_001 | B2: DUKE | C2: 0 | D2: 0 | F2: 0 | G2: 1 | H2: 0 | I2: 0 | J2: 2940 | K2: 0 | M2: 0 | N2: 0 | O2: 0 | P2: 0 | Q2: 1 | T2: intermediate | U2: her2_pure | V2: 41 | W2: pre | X2: african american | Y2: 0 | Z2: 90.264893 | AA2: 1.6002032 | AB2: obesity_class_2 | AD2: axial | AE2: 1 | AF2: 5 | AG2: 1 | AH2: 1.5 | AI2: 448 | AJ2: 448 | AK2: 160 | AL2: [0.80357140302658, 0.80357140302658] | AM2: 1.1 | AN2: DUKE | AO2: SIEMENS | AP2: Avanto | AQ2: 11 | AR2: 53 | AS2: 145 | AT2: 1.36 | AU2: 4.12 | AV2: [0, 584, 714, 846, 977] | AX2: 1.3.6.1.4.1.14519.5.2.1.185777849803665244536713316058283493877
A3: DUKE_002 | B3: DUKE | C3: 0 | D3: 0 | F3: 0 | G3: 0 | H3: 0 | I3: 0 | J3: 1649 | K3: 0 | M3: 0 | N3: 0 | O3: 0 | P3: 0 | Q3: 0 | T3: high | U3: triple_negative | V3: 38 | W3: pre | X3: african american | Y3: 0 | AD3: axial | AE3: 1 | AF3: 4 | AG3: 1 | AH3: 3 | AI3: 512 | AJ3: 512 | AK3: 142 | AL3: [0.5859, 0.5859] | AM3: 1.3 | AN3: DUKE | AO3: GE | AP3: Signa HDxt | AQ3: 15 | AR3: 326 | AS3: 652 | AT3: 2.704 | AU3: 6.918 | AV3: [0, 165, 288, 411] | AX3: 1.3.6.1.4.1.14519.5.2.1.292087950444413314643924739363083325442
A4: DUKE_005 | B4: DUKE | C4: 0 | D4: 1 | F4: 0 | G4: 1 | H4: 1 | I4: 1 | J4: 1845 | K4: 0 | M4: 0 | N4: 1 | O4: 1 | P4: 0 | Q4: 1 | T4: high | U4: her2_enriched | V4: 38 | W4: pre | X4: hispanic | Y4: 0 | Z4: 54.431091 | AA4: 1.6256033 | AB4: normal | AD4: axial | AE4: 1 | AF4: 4 | AG4: 1 | AH4: 1.5 | AI4: 448 | AJ4: 448 | AK4: 160 | AL4: [0.78125, 0.78125] | AM4: 1 | AN4: DUKE | AO4: SIEMENS | AP4: Avanto | AQ4: 11 | AR4: 106 | AS4: 288 | AT4: 1.34 | AU4: 4.27 | AV4: [0, 183, 289, 398] | AX4: 1.3.6.1.4.1.14519.5.2.1.308267282790822635275517329397281651993
A5: DUKE_009 | B5: DUKE | C5: 0 | D5: 1 | F5: 0 | G5: 0 | H5: 1 | I5: 0 | J5: 1554 | K5: 0 | M5: 0 | N5: 0 | O5: 0 | P5: 0 | Q5: 0 | T5: high | U5: triple_negative | V5: 56 | W5: post | X5: caucasian | Y5: 0 | AD5: axial | AE5: 1 | AF5: 4 | AG5: 1 | AH5: 3 | AI5: 512 | AJ5: 512 | AK5: 156 | AL5: [0.6641, 0.6641] | AM5: 1.1 | AN5: DUKE | AO5: GE | AP5: Signa HDxt | AQ5: 15 | AR5: 231 | AS5: 462 | AT5: 2.604 | AU5: 6.032 | AV5: [0, 199, 314, 429] | AX5: 1.3.6.1.4.1.14519.5.2.1.195599593590134921565234265546312466184
A6: DUKE_010 | B6: DUKE | C6: 0 | D6: 1 | F6: 0 | G6: 0 | H6: 0 | I6: 1 | J6: 384 | K6: 407 | M6: 471 | N6: 0 | O6: 0 | P6: 0 | Q6: 0 | T6: high | U6: triple_negative | V6: 67 | W6: post | X6: caucasian | Y6: 0 | AD6: axial | AE6: 1 | AF6: 4 | AG6: 1 | AH6: 3 | AI6: 512 | AJ6: 512 | AK6: 146 | AL6: [0.6641, 0.6641] | AM6: 1 | AN6: DUKE | AO6: GE | AP6: Signa HDxt | AQ6: 15 | AR6: 532 | AS6: 1064 | AT6: 2.436 | AU6: 5.668 | AV6: [0, 156, 255, 355] | AX6: 1.3.6.1.4.1.14519.5.2.1.139066171032552599962813047852732821046
A7: DUKE_012 | B7: DUKE | C7: 0 | D7: 1 | F7: 0 | G7: 0 | H7: 0 | I7: 1 | J7: 256 | K7: 319 | M7: 414 | N7: 0 | O7: 0 | P7: 0 | Q7: 0 | T7: high | U7: triple_negative | V7: 43 | W7: pre | X7: african american | Y7: 0 | AD7: axial | AE7: 1 | AF7: 4 | AG7: 1 | AH7: 1.5 | AI7: 512 | AJ7: 512 | AK7: 178 | AL7: [0.7422, 0.7422] | AM7: 1.2 | AN7: DUKE | AO7: GE | AP7: Optima MR450w | AQ7: 15 | AR7: 339 | AS7: 678 | AT7: 2.436 | AU7: 5.208 | AV7: [0, 185, 305, 425] | AX7: 1.3.6.1.4.1.14519.5.2.1.29690579104517430202999923277168936221
A8: DUKE_019 | B8: DUKE | C8: 0 | D8: 1 | F8: 0 | G8: 0 | H8: 0 | I8: 1 | J8: 2183 | K8: 0 | M8: 0 | N8: 1 | O8: 1 | P8: 1 | Q8: 0 | T8: intermediate | U8: luminal | V8: 35 | W8: pre | X8: caucasian | Y8: 0 | Z8: 70.306826 | AA8: 1.6764034 | AB8: overweight | AD8: axial | AE8: 1 | AF8: 4 | AG8: 1 | AH8: 1.5 | AI8: 320 | AJ8: 320 | AK8: 160 | AL8: [1.0625, 1.0625] | AM8: 1.1 | AN8: DUKE | AO8: SIEMENS | AP8: Avanto | AQ8: 11 | AR8: 47 | AS8: 128 | AT8: 1.5 | AU8: 4.26 | AV8: [0, 277, 395, 512] | AX8: 1.3.6.1.4.1.14519.5.2.1.29840080323274044917609393923117431278
A9: DUKE_021 | B9: DUKE | C9: 0 | D9: 1 | F9: 0 | G9: 0 | H9: 0 | I9: 1 | J9: 1416 | K9: 0 | M9: 0 | N9: 1 | O9: 1 | P9: 1 | Q9: 0 | T9: intermediate | U9: luminal | V9: 43 | W9: post | X9: caucasian | Y9: 0 | Z9: 97.52 | AB9: obesity_class_2 | AD9: axial | AE9: 1 | AF9: 4 | AG9: 1 | AH9: 1.5 | AI9: 512 | AJ9: 512 | AK9: 176 | AL9: [0.7422, 0.7422] | AM9: 1 | AN9: DUKE | AO9: GE | AP9: Optima MR450w | AQ9: 15 | AR9: 390 | AS9: 780 | AT9: 2.436 | AU9: 5.284 | AV9: [0, 176, 291, 406] | AX9: 1.3.6.1.4.1.14519.5.2.1.284279810676391467352803707565165173046
A10: DUKE_022 | B10: DUKE | C10: 0 | D10: 1 | F10: 0 | G10: 1 | H10: 0 | I10: 0 | J10: 2014 | K10: 0 | M10: 0 | N10: 1 | O10: 1 | P10: 1 | Q10: 1 | U10: her2_enriched | V10: 53 | W10: post | X10: caucasian | Y10: 0 | Z10: 76.65712 | AB10: overweight | AC10: c | AD10: axial | AE10: 1 | AF10: 5 | AG10: 1 | AH10: 1.5 | AI10: 448 | AJ10: 448 | AK10: 160 | AL10: [0.73660713434219, 0.73660713434219] | AM10: 1.1 | AN10: DUKE | AO10: SIEMENS | AP10: Avanto | AQ10: 11 | AR10: 46 | AS10: 123 | AT10: 1.4 | AU10: 4.14 | AV10: [0, 762, 892, 1018, 1147] | AX10: 1.3.6.1.4.1.14519.5.2.1.69670824244476046203828147718377984832
A11: DUKE_028 | B11: DUKE | C11: 0 | D11: 0 | F11: 0 | G11: 0 | H11: 0 | I11: 1 | J11: 162 | K11: 197 | M11: 0 | N11: 0 | O11: 0 | P11: 0 | Q11: 0 | T11: high | U11: triple_negative | V11: 41 | W11: pre | X11: caucasian | Y11: 0 | AD11: axial | AE11: 1 | AF11: 4 | AG11: 1 | AH11: 3 | AI11: 448 | AJ11: 448 | AK11: 208 | AL11: [0.78125, 0.78125] | AM11: 1 | AN11: DUKE | AO11: SIEMENS | AP11: Skyra | AQ11: 15 | AR11: 47 | AS11: 134 | AT11: 1.44 | AU11: 3.77 | AV11: [0, 190, 289, 388] | AX11: 1.3.6.1.4.1.14519.5.2.1.320596235836817677689318971087443086949
A12: DUKE_032 | B12: DUKE | C12: 0 | D12: 1 | F12: 0 | G12: 0 | H12: 0 | I12: 1 | J12: 1525 | K12: 0 | M12: 0 | N12: 1 | O12: 1 | P12: 1 | Q12: 0 | S12: 18 | U12: luminal | V12: 48 | W12: pre | X12: asian | Y12: 0 | Z12: 58.967 | AB12: normal | AC12: d | AD12: axial | AE12: 1 | AF12: 5 | AG12: 1 | AH12: 1.5 | AI12: 512 | AJ12: 512 | AK12: 178 | AL12: [0.6055, 0.6055] | AM12: 1 | AN12: DUKE | AO12: GE | AP12: SIGNA HDx | AQ12: 15 | AR12: 447 | AS12: 895 | AT12: 2.372 | AU12: 4.988 | AV12: [0, 255, 371, 487, 603] | AX12: 1.3.6.1.4.1.14519.5.2.1.142556628749506471715658430177460848775
A13: DUKE_034 | B13: DUKE | C13: 0 | D13: 0 | F13: 0 | G13: 0 | I13: 1 | J13: 1819 | K13: 0 | M13: 0 | N13: 1 | O13: 1 | P13: 1 | Q13: 0 | U13: luminal | V13: 48 | W13: pre | X13: caucasian | Y13: 0 | Z13: 83.915 | AB13: obesity_class_1 | AD13: axial | AE13: 1 | AF13: 5 | AG13: 1 | AH13: 3 | AI13: 512 | AJ13: 512 | AK13: 148 | AL13: [0.7031, 0.7031] | AM13: 1.2 | AN13: DUKE | AO13: GE | AP13: SIGNA HDx | AQ13: 15 | AR13: 1054 | AS13: 2109 | AT13: 2.388 | AU13: 5.174 | AV13: [0, 172, 265, 357, 450] | AX13: 1.3.6.1.4.1.14519.5.2.1.165419398503501068868667981377889644471
A14: DUKE_040 | B14: DUKE | C14: 0 | D14: 1 | F14: 0 | G14: 0 | H14: 0 | I14: 0 | J14: 1985 | K14: 0 | M14: 0 | N14: 1 | O14: 1 | P14: 1 | Q14: 0 | U14: luminal | V14: 48 | W14: pre | X14: african american | Y14: 0 | Z14: 99.790334 | AB14: obesity_class_2 | AD14: axial | AE14: 1 | AF14: 5 | AG14: 1 | AH14: 3 | AI14: 448 | AJ14: 448 | AK14: 160 | AL14: [0.75892859697342, 0.75892859697342] | AM14: 1.1 | AN14: DUKE | AO14: SIEMENS | AP14: TrioTim | AQ14: 11 | AR14: 54 | AS14: 174 | AT14: 1.36 | AU14: 3.54 | AV14: [0, 210, 327, 434, 539] | AX14: 1.3.6.1.4.1.14519.5.2.1.326715859685480256527395450683442312123
A15: DUKE_041 | B15: DUKE | C15: 0 | D15: 0 | F15: 0 | G15: 0 | H15: 0 | I15: 1 | J15: 2567 | K15: 0 | M15: 0 | N15: 1 | O15: 1 | P15: 1 | Q15: 0 | S15: 27 | T15: intermediate | U15: luminal | V15: 67 | W15: post | X15: caucasian | Y15: 0 | Z15: 68.039 | AB15: normal | AD15: axial | AE15: 1 | AF15: 5 | AG15: 1 | AH15: 3 | AI15: 512 | AJ15: 512 | AK15: 168 | AL15: [0.6836, 0.6836] | AM15: 1 | AN15: DUKE | AO15: GE | AP15: SIGNA HDx | AQ15: 15 | AR15: 513 | AS15: 1027 | AT15: 2.4 | AU15: 5.511 | AV15: [0, 314, 668, 778, 888] | AX15: 1.3.6.1.4.1.14519.5.2.1.236293724990342289056773559709687460093
A16: DUKE_043 | B16: DUKE | C16: 1 | D16: 0 | F16: 0 | G16: 0 | H16: 0 | I16: 0 | J16: 217 | K16: 260 | M16: 461 | N16: 0 | O16: 0 | P16: 0 | Q16: 0 | T16: intermediate | U16: triple_negative | V16: 46 | W16: pre | X16: caucasian | Y16: 0 | AD16: axial | AE16: 1 | AF16: 5 | AG16: 1 | AH16: 3 | AI16: 512 | AJ16: 512 | AK16: 188 | AL16: [0.6836, 0.6836] | AM16: 1 | AN16: DUKE | AO16: GE | AP16: SIGNA HDx | AQ16: 15 | AR16: 488 | AS16: 976 | AT16: 2.396 | AU16: 5.513 | AV16: [0, 648, 850, 982, 1118] | AX16: 1.3.6.1.4.1.14519.5.2.1.6793813290723618656258406154497169878
A17: DUKE_044 | B17: DUKE | C17: 0 | D17: 0 | F17: 0 | G17: 1 | H17: 1 | I17: 1 | J17: 2170 | K17: 0 | M17: 0 | N17: 0 | O17: 0 | P17: 0 | Q17: 1 | T17: high | U17: her2_pure | V17: 34 | W17: pre | X17: caucasian | Y17: 0 | Z17: 68.038864 | AA17: 1.6764034 | AB17: normal | AD17: axial | AE17: 1 | AF17: 5 | AG17: 1 | AH17: 1.5 | AI17: 448 | AJ17: 448 | AK17: 128 | AL17: [0.75892859697342, 0.75892859697342] | AM17: 1.1 | AN17: DUKE | AO17: SIEMENS | AP17: Avanto | AQ17: 11 | AR17: 133 | AS17: 288 | AT17: 1.39 | AU17: 4.12 | AV17: [0, 191, 291, 391, 491] | AX17: 1.3.6.1.4.1.14519.5.2.1.139830005215649431703224664916087614564
A18: DUKE_045 | B18: DUKE | C18: 0 | D18: 1 | F18: 0 | G18: 1 | H18: 1 | I18: 0 | J18: 1577 | K18: 0 | M18: 0 | N18: 1 | O18: 0 | P18: 1 | Q18: 1 | V18: 45 | W18: pre | X18: caucasian | Y18: 0 | Z18: 74.843 | AB18: overweight | AC18: c | AD18: axial | AE18: 1 | AF18: 4 | AG18: 1 | AH18: 1.5 | AI18: 512 | AJ18: 512 | AK18: 188 | AL18: [0.6641, 0.6641] | AM18: 1 | AN18: DUKE | AO18: GE | AP18: SIGNA HDx | AQ18: 15 | AR18: 381 | AS18: 762 | AT18: 2.32 | AU18: 4.936 | AV18: [0, 146, 261, 376] | AX18: 1.3.6.1.4.1.14519.5.2.1.301440525687899953712635567929052817508
A19: DUKE_046 | B19: DUKE | C19: 1 | D19: 0 | F19: 0 | G19: 0 | H19: 0 | I19: 1 | J19: 692 | K19: 0 | M19: 0 | N19: 1 | O19: 1 | P19: 1 | Q19: 0 | T19: high | U19: luminal | V19: 53 | W19: post | X19: african american | Y19: 0 | Z19: 77.110713 | AA19: 1.7272035 | AB19: overweight | AD19: axial | AE19: 1 | AF19: 4 | AG19: 1 | AH19: 3 | AI19: 448 | AJ19: 448 | AK19: 256 | AL19: [0.83705359697342, 0.83705359697342] | AM19: 1 | AN19: DUKE | AO19: SIEMENS | AP19: Skyra | AQ19: 11 | AR19: 51 | AS19: 146 | AT19: 1.44 | AU19: 3.77 | AV19: [0, 204, 334, 456] | AX19: 1.3.6.1.4.1.14519.5.2.1.35071805945810659801827406527930186176
A20: DUKE_048 | B20: DUKE | C20: 0 | D20: 0 | F20: 0 | G20: 0 | H20: 0 | I20: 1 | J20: 1603 | K20: 0 | M20: 0 | N20: 0 | O20: 0 | P20: 0 | Q20: 0 | T20: high | U20: triple_negative | V20: 40 | W20: pre | X20: caucasian | Y20: 0 | AD20: axial | AE20: 1 | AF20: 4 | AG20: 1 | AH20: 1.5 | AI20: 448 | AJ20: 448 | AK20: 176 | AL20: [0.75892859697342, 0.75892859697342] | AM20: 1 | AN20: DUKE | AO20: SIEMENS | AP20: Avanto | AQ20: 15 | AR20: 62 | AS20: 160 | AT20: 1.36 | AU20: 4.31 | AV20: [0, 177, 295, 411] | AX20: 1.3.6.1.4.1.14519.5.2.1.14969191741802921952501527627204705242
A21: DUKE_051 | B21: DUKE | C21: 0 | D21: 0 | F21: 0 | G21: 1 | H21: 0 | I21: 0 | J21: 1603 | K21: 0 | M21: 0 | N21: 1 | O21: 1 | P21: 1 | Q21: 1 | T21: high | U21: her2_enriched | V21: 38 | W21: pre | X21: caucasian | Y21: 0 | Z21: 73 | AB21: overweight | AD21: axial | AE21: 1 | AF21: 4 | AG21: 1 | AH21: 1.5 | AI21: 512 | AJ21: 512 | AK21: 200 | AL21: [0.7422, 0.7422] | AM21: 1 | AN21: DUKE | AO21: GE | AP21: Signa HDxt | AQ21: 15 | AR21: 251 | AS21: 503 | AT21: 2.232 | AU21: 4.812 | AV21: [0, 238, 356, 473] | AX21: 1.3.6.1.4.1.14519.5.2.1.56794322020151755238976088550992192797
A22: DUKE_055 | B22: DUKE | C22: 0 | D22: 0 | F22: 0 | G22: 0 | H22: 1 | I22: 0 | J22: 664 | K22: 0 | M22: 0 | N22: 0 | O22: 0 | P22: 0 | Q22: 0 | U22: triple_negative | V22: 73 | W22: post | X22: hawaian | Y22: 0 | Z22: 54.431 | AB22: normal | AC22: b | AD22: axial | AE22: 1 | AF22: 5 | AG22: 1 | AH22: 3 | AI22: 512 | AJ22: 512 | AK22: 170 | AL22: [0.6445, 0.6445] | AM22: 1 | AN22: DUKE | AO22: GE | AP22: SIGNA HDx | AQ22: 15 | AR22: 705 | AS22: 1410 | AT22: 2.432 | AU22: 5.808 | AV22: [0, 326, 447, 568, 689] | AX22: 1.3.6.1.4.1.14519.5.2.1.19637182322127812713997353423084608824
A23: DUKE_057 | B23: DUKE | C23: 0 | D23: 0 | F23: 0 | G23: 1 | H23: 0 | I23: 1 | J23: 1603 | K23: 0 | M23: 0 | N23: 1 | O23: 1 | P23: 1 | Q23: 1 | T23: high | U23: her2_enriched | V23: 70 | W23: post | X23: african american | Y23: 0 | Z23: 77.110713 | AA23: 1.6510033 | AB23: overweight | AD23: axial | AE23: 1 | AF23: 4 | AG23: 1 | AH23: 1.5 | AI23: 448 | AJ23: 448 | AK23: 112 | AL23: [0.80357140302658, 0.80357140302658] | AM23: 1.5 | AN23: DUKE | AO23: SIEMENS | AP23: Avanto | AQ23: 11 | AR23: 56 | AS23: 148 | AT23: 1.33 | AU23: 4.27 | AV23: [0, 136, 211, 285] | AX23: 1.3.6.1.4.1.14519.5.2.1.87678102268025627030497449879227437755
A24: DUKE_059 | B24: DUKE | C24: 0 | D24: 1 | F24: 0 | G24: 0 | H24: 1 | I24: 0 | J24: 2226 | K24: 0 | M24: 0 | N24: 0 | O24: 0 | P24: 0 | Q24: 0 | T24: intermediate | U24: triple_negative | V24: 51 | W24: pre | X24: caucasian | Y24: 0 | AD24: axial | AE24: 1 | AF24: 4 | AG24: 1 | AH24: 3 | AI24: 512 | AJ24: 512 | AK24: 182 | AL24: [0.6641, 0.6641] | AM24: 1 | AN24: DUKE | AO24: GE | AP24: Signa HDxt | AQ24: 15 | AR24: 666 | AS24: 1332 | AT24: 2.428 | AU24: 5.669 | AV24: [0, 182, 299, 416] | AX24: 1.3.6.1.4.1.14519.5.2.1.154064829117936049483903250937179540958
A25: DUKE_060 | B25: DUKE | C25: 0 | D25: 0 | F25: 0 | G25: 0 | H25: 0 | I25: 0 | J25: 1833 | K25: 1526 | M25: 0 | N25: 0 | O25: 0 | P25: 0 | Q25: 0 | U25: triple_negative | V25: 47 | W25: pre | X25: african american | Y25: 0 | Z25: 73.482 | AB25: overweight | AC25: c | AD25: axial | AE25: 1 | AF25: 5 | AG25: 1 | AH25: 3 | AI25: 512 | AJ25: 512 | AK25: 178 | AL25: [0.6836, 0.6836] | AM25: 1 | AN25: DUKE | AO25: GE | AP25: SIGNA HDx | AQ25: 15 | AR25: 823 | AS25: 1647 | AT25: 2.404 | AU25: 5.517 | AV25: [0, 263, 482, 604, 726] | AX25: 1.3.6.1.4.1.14519.5.2.1.179938739598958943568048593082124063967
A26: DUKE_061 | B26: DUKE | C26: 0 | D26: 1 | F26: 0 | G26: 0 | H26: 1 | I26: 1 | J26: 188 | K26: 0 | M26: 220 | N26: 0 | O26: 0 | P26: 0 | Q26: 0 | T26: high | U26: triple_negative | V26: 59 | W26: post | X26: african american | Y26: 0 | Z26: 71 | AB26: overweight | AD26: axial | AE26: 1 | AF26: 4 | AG26: 1 | AH26: 1.5 | AI26: 512 | AJ26: 512 | AK26: 174 | AL26: [0.6641, 0.6641] | AM26: 1 | AN26: DUKE | AO26: GE | AP26: Optima MR450w | AQ26: 15 | AR26: 475 | AS26: 951 | AT26: 2.516 | AU26: 5.38 | AV26: [0, 268, 385, 502] | AX26: 1.3.6.1.4.1.14519.5.2.1.108872398847262229983257156206321964740
A27: DUKE_064 | B27: DUKE | C27: 0 | D27: 0 | F27: 0 | G27: 0 | H27: 0 | I27: 0 | J27: 2922 | K27: 0 | M27: 0 | N27: 0 | O27: 0 | P27: 0 | Q27: 0 | T27: intermediate | U27: triple_negative | V27: 55 | W27: post | X27: caucasian | Y27: 0 | AD27: axial | AE27: 1 | AF27: 5 | AG27: 1 | AH27: 3 | AI27: 512 | AJ27: 512 | AK27: 162 | AL27: [0.6445, 0.6445] | AM27: 1 | AN27: DUKE | AO27: GE | AP27: SIGNA HDx | AQ27: 15 | AR27: 732 | AS27: 1464 | AT27: 2.444 | AU27: 5.809 | AV27: [0, 208, 402, 536, 665] | AX27: 1.3.6.1.4.1.14519.5.2.1.147955914978633063127428256313532881801
A28: DUKE_069 | B28: DUKE | C28: 0 | D28: 0 | F28: 0 | G28: 0 | H28: 0 | I28: 0 | J28: 701 | K28: 0 | M28: 0 | N28: 1 | O28: 1 | P28: 1 | Q28: 0 | U28: luminal | V28: 46 | W28: pre | X28: caucasian | Y28: 0 | Z28: 58.967 | AB28: normal | AC28: c | AD28: axial | AE28: 1 | AF28: 5 | AG28: 1 | AH28: 1.5 | AI28: 512 | AJ28: 512 | AK28: 196 | AL28: [0.6641, 0.6641] | AM28: 1 | AN28: DUKE | AO28: GE | AP28: SIGNA HDx | AQ28: 15 | AR28: 326 | AS28: 652 | AT28: 2.32 | AU28: 4.936 | AV28: [0, 277, 398, 519, 640] | AX28: 1.3.6.1.4.1.14519.5.2.1.163217082269636582489284908405853808874
A29: DUKE_071 | B29: DUKE | C29: 0 | D29: 1 | F29: 0 | G29: 0 | H29: 0 | I29: 0 | J29: 2052 | K29: 0 | M29: 0 | N29: 1 | O29: 1 | P29: 1 | Q29: 0 | T29: high | U29: luminal | V29: 35 | W29: pre | X29: caucasian | Y29: 0 | Z29: 56.699 | AB29: normal | AD29: axial | AE29: 1 | AF29: 4 | AG29: 1 | AH29: 1.5 | AI29: 512 | AJ29: 512 | AK29: 196 | AL29: [0.6641, 0.6641] | AM29: 1 | AN29: DUKE | AO29: GE | AP29: Signa HDxt | AQ29: 15 | AR29: 295 | AS29: 591 | AT29: 2.32 | AU29: 4.936 | AV29: [0, 922, 1036, 1150] | AX29: 1.3.6.1.4.1.14519.5.2.1.318477618058194737038846033112793175876
A30: DUKE_077 | B30: DUKE | C30: 0 | D30: 0 | F30: 0 | G30: 0 | H30: 0 | I30: 0 | J30: 1702 | K30: 0 | M30: 0 | N30: 0 | O30: 0 | P30: 0 | Q30: 0 | U30: triple_negative | V30: 38 | W30: pre | X30: caucasian | Y30: 0 | Z30: 67.132 | AB30: normal | AD30: axial | AE30: 1 | AF30: 5 | AG30: 1 | AH30: 3 | AI30: 512 | AJ30: 512 | AK30: 174 | AL30: [0.6836, 0.6836] | AM30: 1 | AN30: DUKE | AO30: GE | AP30: SIGNA HDx | AQ30: 15 | AR30: 1016 | AS30: 2033 | AT30: 2.4 | AU30: 5.519 | AV30: [0, 139, 351, 467, 583] | AX30: 1.3.6.1.4.1.14519.5.2.1.164065338920500492667606880117873369290
A31: DUKE_082 | B31: DUKE | C31: 0 | D31: 1 | F31: 0 | G31: 0 | H31: 0 | I31: 0 | J31: 575 | K31: 0 | M31: 0 | N31: 1 | O31: 1 | P31: 1 | Q31: 0 | T31: intermediate | U31: luminal | V31: 29 | W31: pre | X31: asian | Y31: 0 | Z31: 62.595755 | AA31: 1.6002032 | AB31: normal | AD31: axial | AE31: 1 | AF31: 4 | AG31: 1 | AH31: 1.5 | AI31: 448 | AJ31: 448 | AK31: 176 | AL31: [0.75892859697342, 0.75892859697342] | AM31: 1.1 | AN31: DUKE | AO31: SIEMENS | AP31: Avanto | AQ31: 11 | AR31: 60 | AS31: 155 | AT31: 1.36 | AU31: 4.31 | AV31: [0, 189, 316, 442] | AX31: 1.3.6.1.4.1.14519.5.2.1.203505445198377129570893210428900718180
A32: DUKE_086 | B32: DUKE | C32: 0 | D32: 1 | F32: 0 | G32: 1 | H32: 0 | I32: 1 | J32: 888 | K32: 0 | M32: 0 | N32: 1 | O32: 1 | P32: 1 | Q32: 1 | T32: intermediate | U32: her2_enriched | V32: 36 | W32: pre | X32: caucasian | Y32: 0 | Z32: 68.492457 | AA32: 1.6256033 | AB32: overweight | AD32: axial | AE32: 1 | AF32: 4 | AG32: 1 | AH32: 3 | AI32: 448 | AJ32: 448 | AK32: 208 | AL32: [0.78125, 0.78125] | AM32: 1 | AN32: DUKE | AO32: SIEMENS | AP32: Skyra | AQ32: 11 | AR32: 33 | AS32: 88 | AT32: 1.44 | AU32: 3.77 | AV32: [0, 226, 326, 426] | AX32: 1.3.6.1.4.1.14519.5.2.1.238735150432802860027977259854459327592
A33: DUKE_090 | B33: DUKE | C33: 0 | D33: 0 | F33: 0 | G33: 1 | H33: 0 | I33: 0 | J33: 199 | K33: 0 | M33: 0 | N33: 0 | O33: 0 | P33: 0 | Q33: 1 | T33: high | U33: her2_pure | V33: 60 | W33: post | X33: caucasian | Y33: 0 | Z33: 61.689 | AB33: normal | AD33: axial | AE33: 1 | AF33: 4 | AG33: 1 | AH33: 3 | AI33: 512 | AJ33: 512 | AK33: 196 | AL33: [0.6836, 0.6836] | AM33: 1 | AN33: DUKE | AO33: GE | AP33: Signa HDxt | AQ33: 15 | AR33: 395 | AS33: 791 | AT33: 2.396 | AU33: 5.516 | AV33: [0, 154, 274, 395] | AX33: 1.3.6.1.4.1.14519.5.2.1.194651386297649379035931320896715949363
A34: DUKE_091 | B34: DUKE | C34: 0 | D34: 0 | F34: 0 | G34: 0 | H34: 0 | I34: 1 | J34: 1984 | K34: 0 | M34: 0 | N34: 1 | O34: 1 | P34: 1 | Q34: 0 | U34: luminal | V34: 65 | W34: post | X34: african american | Y34: 0 | Z34: 77.110713 | AB34: overweight | AC34: b | AD34: axial | AE34: 1 | AF34: 5 | AG34: 1 | AH34: 1.5 | AI34: 448 | AJ34: 448 | AK34: 160 | AL34: [0.75892859697342, 0.75892859697342] | AM34: 1.1 | AN34: DUKE | AO34: SIEMENS | AP34: Avanto | AQ34: 11 | AR34: 50 | AS34: 134 | AT34: 1.39 | AU34: 4.12 | AV34: [0, 621, 745, 868, 993] | AX34: 1.3.6.1.4.1.14519.5.2.1.275257635870315432477619402942964187802
A35: DUKE_097 | B35: DUKE | C35: 0 | D35: 0 | F35: 0 | G35: 0 | H35: 0 | I35: 0 | J35: 1088 | K35: 0 | M35: 0 | N35: 0 | O35: 0 | P35: 0 | Q35: 0 | T35: high | U35: triple_negative | V35: 56 | W35: pre | X35: caucasian | Y35: 0 | AD35: axial | AE35: 1 | AF35: 4 | AG35: 1 | AH35: 3 | AI35: 448 | AJ35: 448 | AK35: 208 | AL35: [0.78125, 0.78125] | AM35: 1 | AN35: DUKE | AO35: SIEMENS | AP35: Skyra | AQ35: 15 | AR35: 61 | AS35: 168 | AT35: 1.44 | AU35: 3.77 | AV35: [0, 212, 311, 411] | AX35: 1.3.6.1.4.1.14519.5.2.1.129967585192783878980707247369022773138
A36: DUKE_099 | B36: DUKE | C36: 0 | D36: 1 | F36: 0 | G36: 0 | H36: 1 | I36: 1 | J36: 1416 | K36: 0 | M36: 0 | N36: 0 | O36: 0 | P36: 0 | Q36: 0 | U36: triple_negative | V36: 69 | W36: post | X36: caucasian | Y36: 0 | Z36: 74.843 | AB36: overweight | AD36: axial | AE36: 1 | AF36: 5 | AG36: 1 | AH36: 3 | AI36: 512 | AJ36: 512 | AK36: 148 | AL36: [0.625, 0.625] | AM36: 1 | AN36: DUKE | AO36: GE | AP36: SIGNA HDx | AQ36: 15 | AR36: 663 | AS36: 1326 | AT36: 2.464 | AU36: 5.987 | AV36: [0, 173, 278, 383, 488] | AX36: 1.3.6.1.4.1.14519.5.2.1.186695500940488501618389117544955236837
A37: DUKE_101 | B37: DUKE | C37: 0 | D37: 1 | F37: 0 | G37: 0 | H37: 0 | I37: 1 | J37: 1609 | K37: 0 | M37: 0 | N37: 1 | O37: 1 | P37: 1 | Q37: 0 | U37: luminal | V37: 45 | W37: post | X37: caucasian | Y37: 0 | Z37: 75.296343 | AB37: overweight | AD37: axial | AE37: 1 | AF37: 5 | AG37: 1 | AH37: 3 | AI37: 448 | AJ37: 448 | AK37: 160 | AL37: [0.69196426868439, 0.69196426868439] | AM37: 1.1 | AN37: DUKE | AO37: SIEMENS | AP37: TrioTim | AQ37: 11 | AR37: 65 | AS37: 177 | AT37: 1.49 | AU37: 4.09 | AV37: [0, 214, 349, 479, 610] | AX37: 1.3.6.1.4.1.14519.5.2.1.68763652285344731591907514089625240751
A38: DUKE_103 | B38: DUKE | C38: 0 | D38: 1 | F38: 0 | G38: 1 | H38: 0 | I38: 0 | J38: 1082 | K38: 0 | M38: 0 | N38: 1 | O38: 1 | P38: 1 | Q38: 1 | T38: intermediate | U38: her2_enriched | V38: 51 | W38: pre | X38: caucasian | Y38: 0 | Z38: 51.709537 | AA38: 1.6256033 | AB38: normal | AD38: axial | AE38: 1 | AF38: 3 | AG38: 1 | AH38: 1.5 | AI38: 448 | AJ38: 448 | AK38: 144 | AL38: [0.75892859697342, 0.75892859697342] | AM38: 1.0999999 | AN38: DUKE | AO38: SIEMENS | AP38: Avanto | AQ38: 11 | AR38: 63 | AS38: 161 | AT38: 1.36 | AU38: 4.31 | AV38: [0, 157, 254] | AX38: 1.3.6.1.4.1.14519.5.2.1.322399265116643135620910336253787514497
A39: DUKE_104 | B39: DUKE | C39: 0 | D39: 0 | F39: 0 | G39: 0 | H39: 0 | I39: 0 | J39: 1671 | K39: 0 | M39: 0 | N39: 1 | O39: 1 | P39: 1 | Q39: 0 | T39: intermediate | U39: luminal | V39: 71 | W39: post | X39: african american | Y39: 0 | Z39: 85.728969 | AA39: 1.7272035 | AB39: overweight | AD39: axial | AE39: 1 | AF39: 4 | AG39: 1 | AH39: 1.5 | AI39: 448 | AJ39: 448 | AK39: 176 | AL39: [0.80357140302658, 0.80357140302658] | AM39: 1 | AN39: DUKE | AO39: SIEMENS | AP39: Avanto | AQ39: 11 | AR39: 120 | AS39: 336 | AT39: 1.33 | AU39: 4.31 | AV39: [0, 211, 331, 449] | AX39: 1.3.6.1.4.1.14519.5.2.1.224701010678361534685145255527557683258
A40: DUKE_105 | B40: DUKE | C40: 0 | D40: 0 | F40: 0 | G40: 1 | H40: 1 | I40: 0 | J40: 1406 | K40: 0 | M40: 0 | N40: 0 | O40: 0 | P40: 0 | Q40: 1 | U40: her2_pure | V40: 29 | W40: pre | X40: caucasian | Y40: 0 | Z40: 54.431 | AB40: normal | AC40: d | AD40: axial | AE40: 1 | AF40: 5 | AG40: 1 | AH40: 3 | AI40: 512 | AJ40: 512 | AK40: 156 | AL40: [0.6445, 0.6445] | AM40: 1 | AN40: DUKE | AO40: GE | AP40: SIGNA HDx | AQ40: 15 | AR40: 642 | AS40: 1284 | AT40: 2.432 | AU40: 5.814 | AV40: [0, 249, 357, 465, 573] | AX40: 1.3.6.1.4.1.14519.5.2.1.163656381399884188057039150101799337730
A41: DUKE_107 | B41: DUKE | C41: 0 | D41: 1 | F41: 0 | G41: 0 | H41: 0 | I41: 0 | J41: 1632 | K41: 0 | M41: 0 | N41: 0 | O41: 0 | P41: 0 | Q41: 0 | U41: triple_negative | V41: 65 | W41: post | X41: african american | Y41: 0 | Z41: 102.058 | AB41: obesity_class_2 | AC41: a | AD41: axial | AE41: 1 | AF41: 5 | AG41: 1 | AH41: 3 | AI41: 512 | AJ41: 512 | AK41: 196 | AL41: [0.7617, 0.7617] | AM41: 1 | AN41: DUKE | AO41: GE | AP41: SIGNA HDx | AQ41: 15 | AR41: 1809 | AS41: 3618 | AT41: 2.348 | AU41: 5.14 | AV41: [0, 228, 349, 470, 591] | AX41: 1.3.6.1.4.1.14519.5.2.1.231033412235707795811509606682702677256
A42: DUKE_114 | B42: DUKE | C42: 0 | D42: 1 | F42: 0 | G42: 0 | H42: 0 | I42: 0 | J42: 2198 | K42: 0 | M42: 0 | N42: 1 | O42: 1 | P42: 1 | Q42: 0 | S42: 7 | T42: intermediate | U42: luminal | V42: 49 | W42: pre | X42: caucasian | Y42: 0 | Z42: 81.647 | AB42: overweight | AD42: axial | AE42: 1 | AF42: 4 | AG42: 1 | AH42: 3 | AI42: 512 | AJ42: 512 | AK42: 182 | AL42: [0.7031, 0.7031] | AM42: 1 | AN42: DUKE | AO42: GE | AP42: Signa HDxt | AQ42: 15 | AR42: 800 | AS42: 1600 | AT42: 2.388 | AU42: 5.383 | AV42: [0, 214, 326, 438] | AX42: 1.3.6.1.4.1.14519.5.2.1.144688254078604001896200551902427916650
A43: DUKE_115 | B43: DUKE | C43: 0 | D43: 0 | F43: 0 | G43: 1 | H43: 1 | I43: 0 | J43: 748 | K43: 0 | M43: 0 | N43: 1 | O43: 1 | P43: 0 | Q43: 1 | U43: her2_enriched | V43: 36 | W43: pre | X43: caucasian | Y43: 0 | Z43: 58.967 | AB43: normal | AC43: c | AD43: axial | AE43: 1 | AF43: 5 | AG43: 1 | AH43: 3 | AI43: 512 | AJ43: 512 | AK43: 176 | AL43: [0.6641, 0.6641] | AM43: 1 | AN43: DUKE | AO43: GE | AP43: SIGNA HDx | AQ43: 15 | AR43: 768 | AS43: 1537 | AT43: 2.416 | AU43: 5.661 | AV43: [0, 226, 515, 633, 752] | AX43: 1.3.6.1.4.1.14519.5.2.1.340281588639257463653203448665061040092
A44: DUKE_116 | B44: DUKE | C44: 0 | D44: 1 | F44: 0 | G44: 1 | H44: 1 | I44: 1 | J44: 895 | K44: 0 | M44: 0 | N44: 1 | O44: 1 | P44: 0 | Q44: 1 | T44: intermediate | U44: her2_enriched | V44: 45 | W44: pre | X44: caucasian | Y44: 0 | Z44: 77.110713 | AA44: 1.6510033 | AB44: overweight | AD44: axial | AE44: 1 | AF44: 4 | AG44: 1 | AH44: 1.5 | AI44: 448 | AJ44: 448 | AK44: 176 | AL44: [0.75892859697342, 0.75892859697342] | AM44: 1.1 | AN44: DUKE | AO44: SIEMENS | AP44: Avanto | AQ44: 11 | AR44: 64 | AS44: 164 | AT44: 1.36 | AU44: 4.31 | AV44: [0, 193, 310, 428] | AX44: 1.3.6.1.4.1.14519.5.2.1.62632896969177710628151297916596988609
A45: DUKE_117 | B45: DUKE | C45: 0 | D45: 0 | F45: 0 | G45: 0 | H45: 0 | I45: 0 | J45: 2074 | K45: 0 | M45: 0 | N45: 0 | O45: 0 | P45: 0 | Q45: 0 | T45: intermediate | U45: triple_negative | V45: 32 | W45: pre | X45: asian | Y45: 0 | AD45: axial | AE45: 1 | AF45: 4 | AG45: 1 | AH45: 3 | AI45: 512 | AJ45: 512 | AK45: 182 | AL45: [0.6641, 0.6641] | AM45: 1.1 | AN45: DUKE | AO45: GE | AP45: Signa HDxt | AQ45: 15 | AR45: 538 | AS45: 1076 | AT45: 2.416 | AU45: 5.562 | AV45: [0, 225, 340, 455] | AX45: 1.3.6.1.4.1.14519.5.2.1.92238329831531955012837359452542934014
A46: DUKE_119 | B46: DUKE | C46: 0 | D46: 1 | F46: 0 | G46: 1 | H46: 0 | I46: 1 | J46: 1084 | K46: 1135 | M46: 1760 | N46: 1 | O46: 1 | P46: 1 | Q46: 1 | U46: her2_enriched | V46: 56 | W46: post | X46: caucasian | Y46: 0 | Z46: 65.770902 | AB46: normal | AC46: c | AD46: axial | AE46: 1 | AF46: 5 | AG46: 1 | AH46: 3 | AI46: 448 | AJ46: 448 | AK46: 160 | AL46: [0.71428573131561, 0.71428573131561] | AM46: 1.1 | AN46: DUKE | AO46: SIEMENS | AP46: TrioTim | AQ46: 11 | AR46: 64 | AS46: 174 | AT46: 1.47 | AU46: 4.09 | AV46: [0, 191, 323, 454, 584] | AX46: 1.3.6.1.4.1.14519.5.2.1.111937128056649108511518338364367447820
A47: DUKE_120 | B47: DUKE | C47: 0 | D47: 0 | F47: 0 | G47: 0 | H47: 0 | I47: 0 | J47: 1423 | K47: 0 | M47: 0 | N47: 1 | O47: 1 | P47: 1 | Q47: 0 | T47: high | U47: luminal | V47: 46 | X47: caucasian | Y47: 0 | Z47: 82.553822 | AA47: 1.6510033 | AB47: obesity_class_1 | AD47: axial | AE47: 1 | AF47: 5 | AG47: 1 | AH47: 3 | AI47: 448 | AJ47: 448 | AK47: 60 | AL47: [0.80357140302658, 0.80357140302658] | AM47: 2.5 | AN47: DUKE | AO47: SIEMENS | AP47: TrioTim | AQ47: 11 | AR47: 223 | AS47: 540 | AT47: 1.51 | AU47: 4.01 | AV47: [0, 94, 189, 283, 378] | AX47: 1.3.6.1.4.1.14519.5.2.1.182581940488565993251476651992238460998
A48: DUKE_123 | B48: DUKE | C48: 0 | D48: 1 | F48: 0 | G48: 0 | H48: 0 | I48: 0 | J48: 1584 | K48: 0 | M48: 0 | N48: 1 | O48: 1 | P48: 0 | Q48: 0 | U48: luminal | V48: 41 | W48: pre | X48: african american | Y48: 0 | Z48: 77.111 | AB48: overweight | AC48: d | AD48: axial | AE48: 1 | AF48: 5 | AG48: 1 | AH48: 1.5 | AI48: 512 | AJ48: 512 | AK48: 160 | AL48: [0.6641, 0.6641] | AM48: 1 | AN48: DUKE | AO48: GE | AP48: SIGNA HDx | AQ48: 15 | AR48: 378 | AS48: 757 | AT48: 2.312 | AU48: 4.928 | AV48: [0, 267, 371, 475, 579] | AX48: 1.3.6.1.4.1.14519.5.2.1.172774954414760136471394137130900048691
A49: DUKE_129 | B49: DUKE | C49: 0 | D49: 1 | F49: 0 | G49: 0 | H49: 0 | I49: 0 | K49: 331 | M49: 348 | N49: 0 | O49: 0 | P49: 0 | Q49: 0 | U49: triple_negative | V49: 51 | W49: post | X49: african american | Y49: 0 | Z49: 107.048 | AB49: obesity_class_2 | AC49: b | AD49: axial | AE49: 1 | AF49: 5 | AG49: 1 | AH49: 3 | AI49: 512 | AJ49: 512 | AK49: 188 | AL49: [0.7227, 0.7227] | AM49: 1 | AN49: DUKE | AO49: GE | AP49: SIGNA HDx | AQ49: 15 | AR49: 1920 | AS49: 3840 | AT49: 2.38 | AU49: 5.233 | AV49: [0, 325, 441, 558, 675] | AX49: 1.3.6.1.4.1.14519.5.2.1.303583086421599595983189543716600377921
A50: DUKE_132 | B50: DUKE | C50: 0 | D50: 0 | F50: 0 | G50: 0 | H50: 0 | I50: 0 | J50: 2300 | K50: 0 | M50: 0 | N50: 0 | O50: 0 | P50: 0 | Q50: 0 | T50: high | U50: triple_negative | V50: 52 | W50: pre | X50: caucasian | Y50: 0 | AD50: axial | AE50: 1 | AF50: 4 | AG50: 1 | AH50: 3 | AI50: 448 | AJ50: 448 | AK50: 128 | AL50: [0.75892859697342, 0.75892859697342] | AM50: 1.4 | AN50: DUKE | AO50: SIEMENS | AP50: TrioTim | AQ50: 15 | AR50: 111 | AS50: 304 | AT50: 1.44 | AU50: 3.7 | AV50: [0, 259, 368, 478] | AX50: 1.3.6.1.4.1.14519.5.2.1.317328950034908617429760377804293341759
A51: DUKE_134 | B51: DUKE | C51: 0 | D51: 1 | F51: 0 | G51: 1 | H51: 1 | I51: 0 | J51: 1344 | K51: 0 | M51: 0 | N51: 1 | O51: 1 | P51: 1 | Q51: 1 | U51: her2_enriched | V51: 36 | W51: post | X51: caucasian | Y51: 0 | Z51: 49.895 | AB51: underweight | AC51: c | AD51: axial | AE51: 1 | AF51: 5 | AG51: 1 | AH51: 3 | AI51: 512 | AJ51: 512 | AK51: 142 | AL51: [0.6836, 0.6836] | AM51: 1 | AN51: DUKE | AO51: GE | AP51: SIGNA HDx | AQ51: 15 | AR51: 534 | AS51: 1069 | AT51: 2.396 | AU51: 5.5 | AV51: [0, 187, 285, 382, 480] | AX51: 1.3.6.1.4.1.14519.5.2.1.306998095277635660521251829796226794493
A52: DUKE_136 | B52: DUKE | C52: 0 | D52: 0 | F52: 0 | G52: 0 | H52: 0 | I52: 1 | J52: 1430 | K52: 0 | M52: 0 | N52: 1 | O52: 1 | P52: 1 | Q52: 0 | S52: 42 | U52: luminal | V52: 42 | W52: pre | X52: caucasian | Y52: 0 | Z52: 68.039 | AB52: normal | AC52: d | AD52: axial | AE52: 1 | AF52: 5 | AG52: 1 | AH52: 1.5 | AI52: 512 | AJ52: 512 | AK52: 170 | AL52: [0.5859, 0.5859] | AM52: 1 | AN52: DUKE | AO52: GE | AP52: SIGNA HDx | AQ52: 15 | AR52: 524 | AS52: 1048 | AT52: 2.404 | AU52: 5.04 | AV52: [0, 402, 512, 623, 734] | AX52: 1.3.6.1.4.1.14519.5.2.1.45694767015469845222113453330973285138
A53: DUKE_137 | B53: DUKE | C53: 0 | D53: 0 | F53: 0 | G53: 0 | H53: 0 | I53: 0 | J53: 2302 | K53: 0 | M53: 0 | N53: 1 | O53: 1 | P53: 1 | Q53: 0 | T53: intermediate | U53: luminal | V53: 54 | W53: pre | X53: caucasian | Y53: 0 | Z53: 55.791869 | AA53: 1.6002032 | AB53: normal | AD53: axial | AE53: 1 | AF53: 4 | AG53: 1 | AH53: 3 | AI53: 448 | AJ53: 448 | AK53: 128 | AL53: [0.75892859697342, 0.75892859697342] | AM53: 1.3 | AN53: DUKE | AO53: SIEMENS | AP53: TrioTim | AQ53: 11 | AR53: 45 | AS53: 124 | AT53: 1.44 | AU53: 3.8 | AV53: [0, 249, 353, 457] | AX53: 1.3.6.1.4.1.14519.5.2.1.208890852399088188666594421228972697405
A54: DUKE_141 | B54: DUKE | C54: 1 | D54: 1 | F54: 0 | G54: 1 | H54: 0 | I54: 0 | J54: 1218 | K54: 0 | M54: 0 | N54: 1 | O54: 1 | P54: 1 | Q54: 1 | T54: intermediate | U54: her2_enriched | V54: 64 | W54: post | X54: caucasian | Y54: 0 | Z54: 63.50294 | AA54: 1.5494031 | AB54: overweight | AD54: axial | AE54: 1 | AF54: 4 | AG54: 1 | AH54: 3 | AI54: 448 | AJ54: 448 | AK54: 208 | AL54: [0.78125, 0.78125] | AM54: 1 | AN54: DUKE | AO54: SIEMENS | AP54: Skyra | AQ54: 11 | AR54: 48 | AS54: 131 | AT54: 1.44 | AU54: 3.77 | AV54: [0, 195, 317, 441] | AX54: 1.3.6.1.4.1.14519.5.2.1.218195565656269637109212508864947338049
A55: DUKE_142 | B55: DUKE | C55: 0 | D55: 0 | F55: 0 | G55: 0 | H55: 1 | I55: 0 | J55: 1462 | K55: 0 | M55: 0 | N55: 1 | O55: 0 | P55: 1 | Q55: 0 | T55: high | U55: luminal | V55: 49 | W55: pre | X55: caucasian | Y55: 0 | Z55: 42.637688 | AA55: 1.524003 | AB55: underweight | AD55: axial | AE55: 1 | AF55: 4 | AG55: 1 | AH55: 1.5 | AI55: 448 | AJ55: 448 | AK55: 176 | AL55: [0.71428573131561, 0.71428573131561] | AM55: 1 | AN55: DUKE | AO55: SIEMENS | AP55: Avanto | AQ55: 11 | AR55: 168 | AS55: 620 | AT55: 1.39 | AU55: 4.37 | AV55: [0, 213, 331, 461] | AX55: 1.3.6.1.4.1.14519.5.2.1.30422836382945420699403683165949607265
A56: DUKE_144 | B56: DUKE | C56: 0 | D56: 0 | F56: 0 | G56: 1 | H56: 1 | I56: 1 | J56: 1652 | K56: 0 | M56: 0 | N56: 0 | O56: 0 | P56: 0 | Q56: 1 | T56: high | U56: her2_pure | V56: 58 | W56: post | X56: caucasian | Y56: 0 | Z56: 90.718486 | AA56: 1.7272035 | AB56: obesity_class_1 | AD56: axial | AE56: 1 | AF56: 4 | AG56: 1 | AH56: 1.5 | AI56: 448 | AJ56: 448 | AK56: 144 | AL56: [0.80357140302658, 0.80357140302658] | AM56: 1.0999999 | AN56: DUKE | AO56: SIEMENS | AP56: Avanto | AQ56: 11 | AR56: 182 | AS56: 344 | AT56: 1.33 | AU56: 4.31 | AV56: [0, 226, 319, 418] | AX56: 1.3.6.1.4.1.14519.5.2.1.233946797815033599254336555370685171159
A57: DUKE_148 | B57: DUKE | C57: 0 | D57: 1 | F57: 0 | G57: 0 | H57: 0 | I57: 1 | J57: 517 | K57: 0 | M57: 0 | N57: 0 | O57: 0 | P57: 0 | Q57: 0 | U57: triple_negative | V57: 42 | W57: pre | X57: caucasian | Y57: 0 | Z57: 86.636 | AB57: obesity_class_1 | AD57: axial | AE57: 1 | AF57: 5 | AG57: 1 | AH57: 3 | AI57: 512 | AJ57: 512 | AK57: 142 | AL57: [0.7031, 0.7031] | AM57: 1 | AN57: DUKE | AO57: GE | AP57: SIGNA HDx | AQ57: 15 | AR57: 620 | AS57: 1241 | AT57: 2.388 | AU57: 5.37 | AV57: [0, 228, 470, 566, 661] | AX57: 1.3.6.1.4.1.14519.5.2.1.204442016473648285815452319524182478869
A58: DUKE_150 | B58: DUKE | C58: 0 | D58: 1 | F58: 0 | G58: 0 | H58: 0 | I58: 1 | J58: 1540 | K58: 0 | M58: 0 | N58: 1 | O58: 1 | P58: 1 | Q58: 0 | U58: luminal | V58: 64 | W58: post | X58: african american | Y58: 0 | Z58: 113.398 | AB58: obesity_class_3 | AC58: c | AD58: axial | AE58: 1 | AF58: 5 | AG58: 1 | AH58: 1.5 | AI58: 512 | AJ58: 512 | AK58: 160 | AL58: [0.6836, 0.6836] | AM58: 1 | AN58: DUKE | AO58: GE | AP58: SIGNA HDx | AQ58: 15 | AR58: 410 | AS58: 821 | AT58: 2.292 | AU58: 4.908 | AV58: [0, 311, 414, 517, 621] | AX58: 1.3.6.1.4.1.14519.5.2.1.205906296068094118386904123875316340519
A59: DUKE_156 | B59: DUKE | C59: 0 | D59: 0 | F59: 0 | G59: 1 | H59: 0 | I59: 1 | J59: 1386 | K59: 0 | M59: 0 | N59: 1 | O59: 1 | P59: 0 | Q59: 1 | T59: intermediate | U59: her2_enriched | V59: 37 | W59: pre | X59: caucasian | Y59: 0 | Z59: 56.699053 | AA59: 1.7272035 | AB59: normal | AD59: axial | AE59: 1 | AF59: 4 | AG59: 1 | AH59: 1.5 | AI59: 448 | AJ59: 448 | AK59: 160 | AL59: [0.75892859697342, 0.75892859697342] | AM59: 1 | AN59: DUKE | AO59: SIEMENS | AP59: Avanto | AQ59: 11 | AR59: 129 | AS59: 242 | AT59: 1.36 | AU59: 4.31 | AV59: [0, 246, 354, 460] | AX59: 1.3.6.1.4.1.14519.5.2.1.172405015740907016018151094390039387682
A60: DUKE_157 | B60: DUKE | C60: 0 | D60: 0 | F60: 0 | G60: 0 | H60: 1 | I60: 0 | J60: 1525 | K60: 0 | M60: 0 | N60: 1 | O60: 1 | P60: 0 | Q60: 0 | T60: high | U60: luminal | V60: 46 | W60: pre | X60: african american | Y60: 0 | Z60: 71.214011 | AA60: 1.6256033 | AB60: overweight | AD60: axial | AE60: 1 | AF60: 4 | AG60: 1 | AH60: 1.5 | AI60: 448 | AJ60: 448 | AK60: 176 | AL60: [0.66964286565781, 0.66964286565781] | AM60: 1 | AN60: DUKE | AO60: SIEMENS | AP60: Avanto | AQ60: 11 | AR60: 134 | AS60: 300 | AT60: 1.43 | AU60: 4.44 | AV60: [0, 197, 320, 441] | AX60: 1.3.6.1.4.1.14519.5.2.1.330770955853978181336998009608243468531
A61: DUKE_160 | B61: DUKE | C61: 0 | D61: 0 | F61: 0 | G61: 0 | H61: 0 | I61: 0 | K61: 534 | M61: 573 | N61: 0 | O61: 0 | P61: 0 | Q61: 0 | U61: triple_negative | V61: 44 | W61: pre | X61: african american | Y61: 0 | Z61: 72.575 | AB61: overweight | AC61: c | AD61: axial | AE61: 1 | AF61: 5 | AG61: 1 | AH61: 3 | AI61: 512 | AJ61: 512 | AK61: 148 | AL61: [0.625, 0.625] | AM61: 1 | AN61: DUKE | AO61: GE | AP61: SIGNA HDx | AQ61: 15 | AR61: 611 | AS61: 1222 | AT61: 2.464 | AU61: 5.987 | AV61: [0, 191, 295, 400, 505] | AX61: 1.3.6.1.4.1.14519.5.2.1.33017146239362933179342050144656252518
A62: DUKE_163 | B62: DUKE | C62: 0 | D62: 0 | F62: 0 | G62: 0 | H62: 0 | I62: 1 | J62: 885 | K62: 1027 | M62: 1277 | N62: 1 | O62: 0 | P62: 1 | Q62: 0 | U62: luminal | V62: 32 | W62: pre | X62: african american | Y62: 0 | Z62: 69.4 | AB62: overweight | AC62: c | AD62: axial | AE62: 1 | AF62: 5 | AG62: 1 | AH62: 3 | AI62: 512 | AJ62: 512 | AK62: 150 | AL62: [0.6641, 0.6641] | AM62: 1 | AN62: DUKE | AO62: GE | AP62: SIGNA HDx | AQ62: 15 | AR62: 694 | AS62: 1388 | AT62: 2.424 | AU62: 5.665 | AV62: [0, 173, 273, 373, 473] | AX62: 1.3.6.1.4.1.14519.5.2.1.241450418438042568811262056161522294263
A63: DUKE_167 | B63: DUKE | C63: 0 | D63: 1 | F63: 0 | G63: 0 | H63: 0 | I63: 0 | J63: 2250 | K63: 0 | M63: 0 | N63: 1 | O63: 1 | P63: 1 | Q63: 0 | T63: intermediate | U63: luminal | V63: 51 | W63: post | X63: african american | Y63: 0 | Z63: 145.15 | AB63: obesity_class_3 | AD63: axial | AE63: 1 | AF63: 4 | AG63: 1 | AH63: 3 | AI63: 512 | AJ63: 512 | AK63: 176 | AL63: [0.7031, 0.7031] | AM63: 1 | AN63: DUKE | AO63: GE | AP63: SIGNA HDx | AQ63: 15 | AR63: 1287 | AS63: 2574 | AT63: 2.4 | AU63: 5.392 | AV63: [0, 211, 324, 438] | AX63: 1.3.6.1.4.1.14519.5.2.1.236837486821997189185672983982766514147
A64: DUKE_168 | B64: DUKE | C64: 0 | D64: 0 | F64: 0 | G64: 0 | H64: 0 | I64: 1 | J64: 708 | K64: 0 | M64: 0 | N64: 1 | O64: 1 | P64: 1 | Q64: 0 | T64: low | U64: luminal | V64: 43 | W64: pre | X64: caucasian | Y64: 0 | Z64: 58.967016 | AA64: 1.6764034 | AB64: normal | AD64: axial | AE64: 1 | AF64: 4 | AG64: 1 | AH64: 3 | AI64: 448 | AJ64: 448 | AK64: 208 | AL64: [0.78125, 0.78125] | AM64: 1 | AN64: DUKE | AO64: SIEMENS | AP64: Skyra | AQ64: 11 | AR64: 116 | AS64: 318 | AT64: 1.44 | AU64: 3.77 | AV64: [0, 195, 294, 393] | AX64: 1.3.6.1.4.1.14519.5.2.1.291382855231439421451442153044387607163
A65: DUKE_176 | B65: DUKE | C65: 0 | D65: 1 | F65: 0 | G65: 0 | H65: 0 | I65: 0 | J65: 822 | K65: 935 | M65: 0 | N65: 1 | O65: 1 | P65: 1 | Q65: 0 | U65: luminal | V65: 45 | W65: pre | X65: caucasian | Y65: 0 | Z65: 106.59422 | AB65: obesity_class_2 | AC65: c | AD65: axial | AE65: 1 | AF65: 5 | AG65: 1 | AH65: 1.5 | AI65: 320 | AJ65: 320 | AK65: 160 | AL65: [1.1875, 1.1875] | AM65: 1.2 | AN65: DUKE | AO65: SIEMENS | AP65: Avanto | AQ65: 11 | AR65: 44 | AS65: 120 | AT65: 1.47 | AU65: 4.26 | AV65: [0, 343, 460, 577, 694] | AX65: 1.3.6.1.4.1.14519.5.2.1.201210793494871077243051896979379421549
A66: DUKE_177 | B66: DUKE | C66: 0 | D66: 0 | F66: 0 | G66: 0 | H66: 0 | I66: 0 | J66: 1666 | K66: 0 | M66: 0 | N66: 1 | O66: 1 | P66: 1 | Q66: 1 | T66: intermediate | U66: her2_enriched | V66: 55 | W66: post | X66: caucasian | Y66: 0 | Z66: 68.038864 | AA66: 1.7272035 | AB66: normal | AD66: axial | AE66: 1 | AF66: 4 | AG66: 1 | AH66: 1.5 | AI66: 448 | AJ66: 448 | AK66: 192 | AL66: [0.80357140302658, 0.80357140302658] | AM66: 1 | AN66: DUKE | AO66: SIEMENS | AP66: Avanto | AQ66: 11 | AR66: 130 | AS66: 290 | AT66: 1.33 | AU66: 4.31 | AV66: [0, 196, 324, 451] | AX66: 1.3.6.1.4.1.14519.5.2.1.12945640210608818476625042103219911059
A67: DUKE_178 | B67: DUKE | C67: 0 | D67: 0 | F67: 0 | G67: 0 | H67: 0 | I67: 1 | J67: 1985 | K67: 0 | M67: 0 | N67: 0 | O67: 0 | P67: 0 | Q67: 0 | T67: high | U67: triple_negative | V67: 33 | W67: pre | X67: caucasian | Y67: 0 | AD67: axial | AE67: 1 | AF67: 4 | AG67: 1 | AH67: 1.5 | AI67: 512 | AJ67: 512 | AK67: 200 | AL67: [0.6641, 0.6641] | AM67: 1 | AN67: DUKE | AO67: GE | AP67: Signa HDxt | AQ67: 15 | AR67: 290 | AS67: 580 | AT67: 2.32 | AU67: 4.936 | AV67: [0, 174, 293, 413] | AX67: 1.3.6.1.4.1.14519.5.2.1.312491236698669087871882341223795625326
A68: DUKE_180 | B68: DUKE | C68: 0 | D68: 1 | F68: 0 | G68: 0 | H68: 0 | I68: 0 | J68: 2230 | K68: 0 | M68: 0 | N68: 1 | O68: 1 | P68: 1 | Q68: 0 | S68: 37 | T68: high | U68: luminal | V68: 76 | W68: post | X68: caucasian | Y68: 0 | Z68: 90.718486 | AB68: obesity_class_1 | AD68: axial | AE68: 1 | AF68: 4 | AG68: 1 | AH68: 3 | AI68: 448 | AJ68: 448 | AK68: 128 | AL68: [0.78125, 0.78125] | AM68: 1.3 | AN68: DUKE | AO68: SIEMENS | AP68: TrioTim | AQ68: 11 | AR68: 53 | AS68: 146 | AT68: 1.44 | AU68: 3.7 | AV68: [0, 231, 332, 434] | AX68: 1.3.6.1.4.1.14519.5.2.1.21672992786536032496616921846581401687
A69: DUKE_183 | B69: DUKE | C69: 0 | D69: 1 | F69: 0 | G69: 1 | H69: 1 | I69: 1 | J69: 808 | K69: 0 | M69: 0 | N69: 1 | O69: 1 | P69: 0 | Q69: 1 | T69: high | U69: her2_enriched | V69: 63 | W69: post | X69: caucasian | Y69: 0 | Z69: 78.017898 | AA69: 1.6764034 | AB69: overweight | AD69: axial | AE69: 1 | AF69: 4 | AG69: 1 | AH69: 1.5 | AI69: 448 | AJ69: 448 | AK69: 176 | AL69: [0.75892859697342, 0.75892859697342] | AM69: 1.1999999 | AN69: DUKE | AO69: SIEMENS | AP69: Avanto | AQ69: 11 | AR69: 54 | AS69: 140 | AT69: 1.36 | AU69: 4.31 | AV69: [0, 218, 334, 451] | AX69: 1.3.6.1.4.1.14519.5.2.1.22410305440378811495032652211348298235
A70: DUKE_185 | B70: DUKE | C70: 0 | D70: 1 | F70: 0 | G70: 0 | H70: 0 | I70: 1 | J70: 1356 | K70: 0 | M70: 0 | N70: 1 | O70: 1 | P70: 1 | Q70: 0 | T70: low | U70: luminal | V70: 48 | W70: pre | X70: caucasian | Y70: 0 | Z70: 72.12 | AB70: overweight | AD70: axial | AE70: 1 | AF70: 4 | AG70: 1 | AH70: 1.5 | AI70: 512 | AJ70: 512 | AK70: 182 | AL70: [0.7031, 0.7031] | AM70: 1.1 | AN70: DUKE | AO70: GE | AP70: Optima MR450w | AQ70: 15 | AR70: 442 | AS70: 885 | AT70: 2.476 | AU70: 5.292 | AV70: [0, 205, 327, 448] | AX70: 1.3.6.1.4.1.14519.5.2.1.292045240095949750593928043375792614139
A71: DUKE_189 | B71: DUKE | C71: 0 | D71: 1 | F71: 0 | G71: 1 | H71: 0 | I71: 1 | J71: 708 | K71: 841 | M71: 0 | N71: 1 | O71: 1 | P71: 0 | Q71: 1 | T71: high | U71: her2_enriched | V71: 47 | W71: post | X71: african american | Y71: 0 | Z71: 113.39811 | AA71: 1.6764034 | AB71: obesity_class_3 | AD71: axial | AE71: 1 | AF71: 5 | AG71: 1 | AH71: 1.5 | AI71: 448 | AJ71: 448 | AK71: 160 | AL71: [0.80357140302658, 0.80357140302658] | AM71: 1.1 | AN71: DUKE | AO71: SIEMENS | AP71: Avanto | AQ71: 11 | AR71: 64 | AS71: 174 | AT71: 1.36 | AU71: 4.12 | AV71: [0, 172, 294, 415, 538] | AX71: 1.3.6.1.4.1.14519.5.2.1.20875149656052265881526887926659191126
A72: DUKE_192 | B72: DUKE | C72: 0 | D72: 1 | F72: 0 | G72: 0 | H72: 0 | I72: 1 | J72: 791 | K72: 0 | M72: 0 | N72: 1 | O72: 1 | P72: 1 | Q72: 0 | T72: intermediate | U72: luminal | V72: 50 | W72: pre | X72: caucasian | Y72: 0 | Z72: 99.790334 | AA72: 1.7272035 | AB72: obesity_class_1 | AD72: axial | AE72: 1 | AF72: 4 | AG72: 1 | AH72: 1.5 | AI72: 448 | AJ72: 448 | AK72: 176 | AL72: [0.80357140302658, 0.80357140302658] | AM72: 1.04 | AN72: DUKE | AO72: SIEMENS | AP72: Avanto | AQ72: 11 | AR72: 58 | AS72: 149 | AT72: 1.33 | AU72: 4.31 | AV72: [0, 167, 283, 400] | AX72: 1.3.6.1.4.1.14519.5.2.1.25784005146707670869027729251722855147
A73: DUKE_198 | B73: DUKE | C73: 0 | D73: 1 | F73: 0 | G73: 0 | H73: 0 | I73: 0 | J73: 2397 | K73: 0 | M73: 0 | N73: 1 | O73: 1 | P73: 1 | Q73: 0 | T73: intermediate | U73: luminal | V73: 43 | W73: pre | X73: caucasian | Y73: 0 | Z73: 81.646637 | AA73: 1.7780036 | AB73: overweight | AD73: axial | AE73: 1 | AF73: 5 | AG73: 1 | AH73: 3 | AI73: 448 | AJ73: 448 | AK73: 120 | AL73: [0.75892859697342, 0.75892859697342] | AM73: 1 | AN73: DUKE | AO73: SIEMENS | AP73: TrioTim | AQ73: 11 | AR73: 67 | AS73: 187 | AT73: 1.44 | AU73: 4 | AV73: [0, 220, 328, 437, 546] | AX73: 1.3.6.1.4.1.14519.5.2.1.81899484196759950759184978771309549847
A74: DUKE_202 | B74: DUKE | C74: 0 | D74: 0 | F74: 0 | G74: 1 | H74: 1 | I74: 1 | J74: 885 | K74: 0 | M74: 0 | N74: 0 | O74: 0 | P74: 0 | Q74: 1 | T74: intermediate | U74: her2_pure | V74: 43 | W74: pre | X74: multiple race | Y74: 0 | Z74: 79.378675 | AB74: overweight | AD74: axial | AE74: 1 | AF74: 4 | AG74: 1 | AH74: 1.5 | AI74: 448 | AJ74: 448 | AK74: 176 | AL74: [0.80357140302658, 0.80357140302658] | AM74: 1 | AN74: DUKE | AO74: SIEMENS | AP74: Avanto | AQ74: 11 | AR74: 66 | AS74: 170 | AT74: 1.33 | AU74: 4.31 | AV74: [0, 206, 322, 438] | AX74: 1.3.6.1.4.1.14519.5.2.1.297860422407480108042425645286403072273
A75: DUKE_205 | B75: DUKE | C75: 0 | D75: 0 | F75: 0 | G75: 0 | H75: 0 | I75: 1 | J75: 939 | K75: 1108 | M75: 0 | N75: 1 | O75: 1 | P75: 0 | Q75: 0 | T75: high | U75: luminal | V75: 46 | W75: post | X75: african american | Y75: 0 | Z75: 66.678 | AB75: normal | AD75: axial | AE75: 1 | AF75: 4 | AG75: 1 | AH75: 1.5 | AI75: 512 | AJ75: 512 | AK75: 160 | AL75: [0.6641, 0.6641] | AM75: 1 | AN75: DUKE | AO75: GE | AP75: Signa HDxt | AQ75: 15 | AR75: 333 | AS75: 666 | AT75: 2.312 | AU75: 4.924 | AV75: [0, 154, 252, 350] | AX75: 1.3.6.1.4.1.14519.5.2.1.329487786742995911604194911079391974895
A76: DUKE_211 | B76: DUKE | C76: 0 | D76: 1 | F76: 0 | G76: 0 | H76: 0 | I76: 1 | J76: 1942 | K76: 0 | M76: 0 | N76: 0 | O76: 0 | P76: 0 | Q76: 0 | U76: triple_negative | V76: 53 | W76: post | X76: caucasian | Y76: 0 | Z76: 72.574788 | AB76: overweight | AC76: c | AD76: axial | AE76: 1 | AF76: 5 | AG76: 1 | AH76: 3 | AI76: 448 | AJ76: 448 | AK76: 160 | AL76: [0.71428573131561, 0.71428573131561] | AM76: 1.1 | AN76: DUKE | AO76: SIEMENS | AP76: TrioTim | AQ76: 11 | AR76: 63 | AS76: 171 | AT76: 1.47 | AU76: 4.09 | AV76: [0, 230, 365, 495, 634] | AX76: 1.3.6.1.4.1.14519.5.2.1.79810510168272448843193932941599234107
A77: DUKE_217 | B77: DUKE | C77: 0 | D77: 0 | F77: 0 | G77: 0 | H77: 1 | I77: 1 | J77: 1575 | K77: 0 | M77: 0 | N77: 0 | O77: 0 | P77: 0 | Q77: 0 | U77: triple_negative | V77: 50 | W77: pre | X77: african american | Y77: 0 | Z77: 42.638 | AB77: underweight | AD77: axial | AE77: 1 | AF77: 5 | AG77: 1 | AH77: 3 | AI77: 512 | AJ77: 512 | AK77: 142 | AL77: [0.5469, 0.5469] | AM77: 1 | AN77: DUKE | AO77: GE | AP77: SIGNA HDx | AQ77: 15 | AR77: 872 | AS77: 1744 | AT77: 2.56 | AU77: 6.978 | AV77: [0, 209, 330, 450, 571] | AX77: 1.3.6.1.4.1.14519.5.2.1.212128607048870032902541405073501949218
A78: DUKE_218 | B78: DUKE | C78: 0 | D78: 0 | F78: 0 | G78: 0 | H78: 0 | I78: 0 | J78: 1500 | K78: 0 | M78: 0 | N78: 0 | O78: 0 | P78: 0 | Q78: 0 | U78: triple_negative | V78: 53 | W78: post | X78: caucasian | Y78: 0 | Z78: 77.111 | AB78: overweight | AC78: c | AD78: axial | AE78: 1 | AF78: 5 | AG78: 1 | AH78: 3 | AI78: 512 | AJ78: 512 | AK78: 174 | AL78: [0.7227, 0.7227] | AM78: 1 | AN78: DUKE | AO78: GE | AP78: SIGNA HDx | AQ78: 15 | AR78: 767 | AS78: 1534 | AT78: 2.368 | AU78: 5.221 | AV78: [0, 232, 342, 453, 564] | AX78: 1.3.6.1.4.1.14519.5.2.1.309906015838844355787095324254717579612
A79: DUKE_225 | B79: DUKE | C79: 0 | D79: 0 | F79: 0 | G79: 0 | H79: 0 | I79: 1 | J79: 286 | K79: 317 | M79: 336 | N79: 0 | O79: 0 | P79: 0 | Q79: 0 | T79: low | U79: triple_negative | V79: 44 | W79: pre | X79: caucasian | Y79: 0 | AD79: axial | AE79: 1 | AF79: 4 | AG79: 1 | AH79: 1.5 | AI79: 512 | AJ79: 512 | AK79: 144 | AL79: [0.625, 0.625] | AM79: 1 | AN79: DUKE | AO79: GE | AP79: Signa HDxt | AQ79: 15 | AR79: 421 | AS79: 842 | AT79: 2.352 | AU79: 4.98 | AV79: [0, 175, 263, 351] | AX79: 1.3.6.1.4.1.14519.5.2.1.211490593160643598918604744115409217771
A80: DUKE_228 | B80: DUKE | C80: 0 | D80: 1 | F80: 0 | G80: 0 | H80: 0 | I80: 1 | J80: 1576 | K80: 0 | M80: 0 | N80: 1 | O80: 1 | P80: 1 | Q80: 0 | U80: luminal | V80: 66 | W80: post | X80: caucasian | Y80: 0 | Z80: 88.904 | AB80: obesity_class_1 | AC80: b | AD80: axial | AE80: 1 | AF80: 5 | AG80: 1 | AH80: 3 | AI80: 512 | AJ80: 512 | AK80: 188 | AL80: [0.7031, 0.7031] | AM80: 1.1 | AN80: DUKE | AO80: GE | AP80: SIGNA HDx | AQ80: 15 | AR80: 1170 | AS80: 2340 | AT80: 2.392 | AU80: 5.254 | AV80: [0, 286, 402, 519, 636] | AX80: 1.3.6.1.4.1.14519.5.2.1.328094998047028703201829092756184430396
A81: DUKE_233 | B81: DUKE | C81: 0 | D81: 0 | F81: 0 | G81: 0 | H81: 0 | I81: 0 | J81: 1858 | K81: 0 | M81: 0 | N81: 0 | O81: 0 | P81: 0 | Q81: 0 | T81: intermediate | U81: triple_negative | V81: 45 | W81: pre | X81: caucasian | Y81: 0 | AD81: axial | AE81: 1 | AF81: 4 | AG81: 1 | AH81: 1.5 | AI81: 512 | AJ81: 512 | AK81: 176 | AL81: [0.7031, 0.7031] | AM81: 1 | AN81: DUKE | AO81: GE | AP81: Signa HDxt | AQ81: 15 | AR81: 514 | AS81: 1029 | AT81: 2.28 | AU81: 4.888 | AV81: [0, 285, 387, 489] | AX81: 1.3.6.1.4.1.14519.5.2.1.116779255153240368392733689552235809530
A82: DUKE_234 | B82: DUKE | C82: 0 | D82: 1 | F82: 0 | G82: 1 | H82: 0 | I82: 1 | J82: 2044 | K82: 0 | M82: 0 | N82: 1 | O82: 1 | P82: 0 | Q82: 1 | T82: high | U82: her2_enriched | V82: 43 | W82: pre | X82: caucasian | Y82: 0 | Z82: 68.039 | AB82: normal | AD82: axial | AE82: 1 | AF82: 4 | AG82: 1 | AH82: 1.5 | AI82: 512 | AJ82: 512 | AK82: 192 | AL82: [0.6641, 0.6641] | AM82: 1 | AN82: DUKE | AO82: GE | AP82: Signa HDxt | AQ82: 15 | AR82: 245 | AS82: 491 | AT82: 2.32 | AU82: 4.936 | AV82: [0, 199, 313, 428] | AX82: 1.3.6.1.4.1.14519.5.2.1.82176796859131840203430765533160604699
A83: DUKE_236 | B83: DUKE | C83: 0 | D83: 0 | F83: 0 | G83: 0 | H83: 0 | I83: 0 | J83: 1679 | K83: 0 | M83: 0 | N83: 1 | O83: 1 | P83: 1 | Q83: 0 | U83: luminal | V83: 52 | W83: post | X83: african american | Y83: 0 | Z83: 127.006 | AB83: obesity_class_3 | AC83: b | AD83: axial | AE83: 1 | AF83: 5 | AG83: 1 | AH83: 1.5 | AI83: 512 | AJ83: 512 | AK83: 186 | AL83: [0.7813, 0.7813] | AM83: 1 | AN83: DUKE | AO83: GE | AP83: SIGNA HDx | AQ83: 15 | AR83: 1152 | AS83: 2305 | AT83: 2.22 | AU83: 4.792 | AV83: [0, 218, 330, 443, 555] | AX83: 1.3.6.1.4.1.14519.5.2.1.91599848432161563367989240717679119316
A84: DUKE_237 | B84: DUKE | C84: 0 | D84: 0 | F84: 0 | G84: 0 | H84: 0 | I84: 0 | J84: 1329 | K84: 1500 | M84: 0 | N84: 1 | O84: 1 | P84: 0 | Q84: 0 | T84: high | U84: luminal | V84: 35 | W84: pre | X84: hispanic | Y84: 0 | Z84: 57.152646 | AB84: normal | AD84: axial | AE84: 1 | AF84: 4 | AG84: 1 | AH84: 1.5 | AI84: 320 | AJ84: 320 | AK84: 144 | AL84: [1.125, 1.125] | AM84: 1.0999999 | AN84: DUKE | AO84: SIEMENS | AP84: Avanto | AQ84: 11 | AR84: 52 | AS84: 143 | AT84: 1.5 | AU84: 4.26 | AV84: [0, 430, 536, 641] | AX84: 1.3.6.1.4.1.14519.5.2.1.172758076997023179749596977338201356524
A85: DUKE_239 | B85: DUKE | C85: 0 | D85: 0 | F85: 0 | G85: 1 | H85: 0 | I85: 0 | J85: 1661 | K85: 0 | M85: 0 | N85: 1 | O85: 1 | P85: 1 | Q85: 1 | T85: high | U85: her2_enriched | V85: 59 | W85: post | X85: caucasian | Y85: 0 | Z85: 72.575 | AB85: overweight | AD85: axial | AE85: 1 | AF85: 4 | AG85: 1 | AH85: 1.5 | AI85: 512 | AJ85: 512 | AK85: 148 | AL85: [0.6641, 0.6641] | AM85: 1 | AN85: DUKE | AO85: GE | AP85: Signa HDxt | AQ85: 15 | AR85: 310 | AS85: 620 | AT85: 2.312 | AU85: 4.932 | AV85: [0, 125, 217, 308] | AX85: 1.3.6.1.4.1.14519.5.2.1.247101384133509238487423235953785692555
A86: DUKE_240 | B86: DUKE | C86: 0 | D86: 0 | F86: 0 | G86: 0 | H86: 0 | I86: 1 | J86: 1519 | K86: 0 | M86: 0 | N86: 1 | O86: 1 | P86: 1 | Q86: 0 | T86: high | U86: luminal | V86: 37 | W86: pre | Y86: 0 | Z86: 63.049 | AB86: normal | AD86: axial | AE86: 1 | AF86: 4 | AG86: 1 | AH86: 3 | AI86: 512 | AJ86: 512 | AK86: 162 | AL86: [0.6641, 0.6641] | AM86: 1.2 | AN86: DUKE | AO86: GE | AP86: Signa HDxt | AQ86: 15 | AR86: 258 | AS86: 517 | AT86: 2.608 | AU86: 6.046 | AV86: [0, 262, 384, 506] | AX86: 1.3.6.1.4.1.14519.5.2.1.75938463868024577655986715965598755290
A87: DUKE_244 | B87: DUKE | C87: 0 | D87: 0 | F87: 0 | G87: 1 | H87: 0 | I87: 1 | J87: 1971 | K87: 0 | M87: 0 | N87: 1 | O87: 1 | P87: 1 | Q87: 1 | U87: her2_enriched | V87: 45 | W87: pre | X87: asian | Y87: 0 | Z87: 49.895 | AB87: underweight | AC87: d | AD87: axial | AE87: 1 | AF87: 5 | AG87: 1 | AH87: 3 | AI87: 512 | AJ87: 512 | AK87: 156 | AL87: [0.5859, 0.5859] | AM87: 1 | AN87: DUKE | AO87: GE | AP87: SIGNA HDx | AQ87: 15 | AR87: 927 | AS87: 1854 | AT87: 2.504 | AU87: 6.454 | AV87: [0, 224, 447, 565, 683] | AX87: 1.3.6.1.4.1.14519.5.2.1.176516648890241340717463237507082751510
A88: DUKE_250 | B88: DUKE | C88: 0 | D88: 0 | F88: 0 | G88: 1 | J88: 895 | K88: 0 | M88: 0 | N88: 0 | O88: 0 | P88: 0 | Q88: 1 | U88: her2_pure | V88: 62 | W88: post | X88: african american | Y88: 0 | Z88: 66.224494 | AA88: 1.498603 | AB88: overweight | AD88: axial | AE88: 1 | AF88: 4 | AG88: 1 | AH88: 3 | AI88: 448 | AJ88: 448 | AK88: 208 | AL88: [0.80357140302658, 0.80357140302658] | AM88: 1 | AN88: DUKE | AO88: SIEMENS | AP88: Skyra | AQ88: 11 | AR88: 75 | AS88: 223 | AT88: 1.44 | AU88: 3.77 | AV88: [0, 228, 329, 429] | AX88: 1.3.6.1.4.1.14519.5.2.1.138404954960724388473256462940545200314
A89: DUKE_253 | B89: DUKE | C89: 0 | D89: 0 | F89: 0 | G89: 1 | H89: 1 | I89: 1 | J89: 1188 | K89: 0 | M89: 0 | N89: 1 | O89: 1 | P89: 1 | Q89: 1 | T89: high | U89: her2_enriched | V89: 43 | W89: pre | X89: caucasian | Y89: 0 | Z89: 65.770902 | AA89: 1.7018034 | AB89: normal | AD89: axial | AE89: 1 | AF89: 3 | AG89: 1 | AH89: 3 | AI89: 448 | AJ89: 448 | AK89: 208 | AL89: [0.78125, 0.78125] | AM89: 1 | AN89: DUKE | AO89: SIEMENS | AP89: Skyra | AQ89: 11 | AR89: 66 | AS89: 185 | AT89: 1.44 | AU89: 3.77 | AV89: [0, 267, 393] | AX89: 1.3.6.1.4.1.14519.5.2.1.260388185743807325358976349236628103667
A90: DUKE_255 | B90: DUKE | C90: 0 | D90: 0 | F90: 0 | G90: 1 | H90: 1 | I90: 0 | J90: 1337 | K90: 0 | M90: 0 | N90: 1 | O90: 1 | P90: 1 | Q90: 1 | T90: high | U90: her2_enriched | V90: 47 | W90: pre | X90: african american | Y90: 0 | Z90: 71.214 | AB90: overweight | AD90: axial | AE90: 1 | AF90: 4 | AG90: 1 | AH90: 3 | AI90: 512 | AJ90: 512 | AK90: 142 | AL90: [0.6641, 0.6641] | AM90: 1 | AN90: DUKE | AO90: GE | AP90: Signa HDxt | AQ90: 15 | AR90: 225 | AS90: 450 | AT90: 2.612 | AU90: 6.083 | AV90: [0, 227, 336, 445] | AX90: 1.3.6.1.4.1.14519.5.2.1.145085049597466534586870180226741653740
A91: DUKE_256 | B91: DUKE | C91: 0 | D91: 0 | F91: 0 | G91: 1 | I91: 0 | J91: 279 | K91: 0 | M91: 0 | N91: 1 | O91: 1 | P91: 0 | Q91: 1 | U91: her2_enriched | V91: 44 | W91: pre | X91: hispanic | Y91: 0 | Z91: 75.749935 | AA91: 1.6510033 | AB91: overweight | AD91: axial | AE91: 1 | AF91: 4 | AG91: 1 | AH91: 1.5 | AI91: 448 | AJ91: 448 | AK91: 176 | AL91: [0.75892859697342, 0.75892859697342] | AM91: 1 | AN91: DUKE | AO91: SIEMENS | AP91: Avanto | AQ91: 11 | AR91: 71 | AS91: 180 | AT91: 1.36 | AU91: 4.31 | AV91: [0, 175, 291, 406] | AX91: 1.3.6.1.4.1.14519.5.2.1.22785181646593543415615544034524467461
A92: DUKE_258 | B92: DUKE | C92: 0 | D92: 1 | F92: 0 | G92: 0 | H92: 1 | I92: 1 | J92: 205 | K92: 0 | M92: 0 | N92: 0 | O92: 0 | P92: 0 | Q92: 0 | T92: intermediate | U92: triple_negative | V92: 57 | W92: post | X92: african american | Y92: 0 | AD92: axial | AE92: 1 | AF92: 3 | AG92: 1 | AH92: 1.5 | AI92: 512 | AJ92: 512 | AK92: 184 | AL92: [0.7422, 0.7422] | AM92: 1 | AN92: DUKE | AO92: GE | AP92: Signa HDxt | AQ92: 15 | AR92: 299 | AS92: 599 | AT92: 2.248 | AU92: 4.844 | AV92: [0, 197, 310] | AX92: 1.3.6.1.4.1.14519.5.2.1.144349610778212057330894021679371663753
A93: DUKE_260 | B93: DUKE | C93: 0 | D93: 1 | F93: 0 | G93: 1 | H93: 0 | I93: 1 | J93: 2593 | K93: 0 | M93: 0 | N93: 1 | O93: 1 | P93: 0 | Q93: 1 | T93: intermediate | U93: her2_enriched | V93: 45 | W93: pre | X93: caucasian | Y93: 0 | Z93: 65.771 | AB93: normal | AD93: axial | AE93: 1 | AF93: 5 | AG93: 1 | AH93: 3 | AI93: 512 | AJ93: 512 | AK93: 142 | AL93: [0.5469, 0.5469] | AM93: 1 | AN93: DUKE | AO93: GE | AP93: SIGNA HDx | AQ93: 15 | AR93: 919 | AS93: 1838 | AT93: 2.564 | AU93: 7.004 | AV93: [0, 268, 480, 601, 722] | AX93: 1.3.6.1.4.1.14519.5.2.1.318859907524893476634591682853790005563
A94: DUKE_265 | B94: DUKE | C94: 0 | D94: 0 | F94: 0 | G94: 0 | H94: 0 | I94: 0 | J94: 1743 | K94: 0 | M94: 0 | N94: 0 | O94: 0 | P94: 0 | Q94: 0 | U94: triple_negative | V94: 42 | W94: pre | X94: caucasian | Y94: 0 | Z94: 116.11966 | AB94: obesity_class_3 | AD94: axial | AE94: 1 | AF94: 5 | AG94: 1 | AH94: 1.5 | AI94: 448 | AJ94: 448 | AK94: 160 | AL94: [0.84821426868439, 0.84821426868439] | AM94: 1.1 | AN94: DUKE | AO94: SIEMENS | AP94: Avanto | AQ94: 11 | AR94: 64 | AS94: 178 | AT94: 1.33 | AU94: 4.12 | AV94: [0, 197, 323, 453, 580] | AX94: 1.3.6.1.4.1.14519.5.2.1.247997092016832788287515149540846558802
A95: DUKE_268 | B95: DUKE | C95: 0 | D95: 1 | F95: 0 | G95: 0 | H95: 0 | I95: 0 | J95: 582 | K95: 0 | M95: 0 | N95: 1 | O95: 1 | P95: 1 | Q95: 0 | T95: high | U95: luminal | V95: 42 | W95: post | X95: caucasian | Y95: 0 | Z95: 52.163129 | AA95: 1.6256033 | AB95: normal | AD95: axial | AE95: 1 | AF95: 4 | AG95: 1 | AH95: 1.5 | AI95: 448 | AJ95: 448 | AK95: 160 | AL95: [0.66964286565781, 0.66964286565781] | AM95: 1 | AN95: DUKE | AO95: SIEMENS | AP95: Avanto | AQ95: 11 | AR95: 78 | AS95: 197 | AT95: 1.43 | AU95: 4.44 | AV95: [0, 166, 275, 386] | AX95: 1.3.6.1.4.1.14519.5.2.1.153445145500766785984136657415150996880
A96: DUKE_269 | B96: DUKE | C96: 0 | D96: 1 | F96: 1 | G96: 0 | H96: 0 | I96: 1 | J96: 1875 | K96: 0 | M96: 0 | N96: 1 | O96: 1 | P96: 0 | Q96: 0 | U96: luminal | V96: 54 | W96: post | X96: african american | Y96: 0 | Z96: 73.482 | AB96: overweight | AC96: b | AD96: axial | AE96: 1 | AF96: 5 | AG96: 1 | AH96: 3 | AI96: 512 | AJ96: 512 | AK96: 172 | AL96: [0.6836, 0.6836] | AM96: 1 | AN96: DUKE | AO96: GE | AP96: SIGNA HDx | AQ96: 15 | AR96: 623 | AS96: 1247 | AT96: 2.404 | AU96: 5.518 | AV96: [0, 208, 484, 600, 716] | AX96: 1.3.6.1.4.1.14519.5.2.1.106063489627276490429955942665928610551
A97: DUKE_271 | B97: DUKE | C97: 0 | D97: 0 | F97: 0 | G97: 0 | H97: 0 | I97: 0 | J97: 1453 | K97: 0 | M97: 0 | N97: 0 | O97: 0 | P97: 0 | Q97: 0 | U97: triple_negative | V97: 46 | W97: pre | X97: african american | Y97: 0 | Z97: 88.450523 | AB97: obesity_class_1 | AC97: c | AD97: axial | AE97: 1 | AF97: 5 | AG97: 1 | AH97: 1.5 | AI97: 320 | AJ97: 320 | AK97: 160 | AL97: [1.125, 1.125] | AM97: 1.1 | AN97: DUKE | AO97: SIEMENS | AP97: Avanto | AQ97: 11 | AR97: 41 | AS97: 110 | AT97: 1.5 | AU97: 4.26 | AV97: [0, 227, 344, 461, 578] | AX97: 1.3.6.1.4.1.14519.5.2.1.92585950943946230860528045024410430306
A98: DUKE_275 | B98: DUKE | C98: 0 | D98: 0 | F98: 0 | G98: 0 | H98: 0 | I98: 0 | J98: 1543 | K98: 0 | M98: 0 | N98: 0 | O98: 0 | P98: 0 | Q98: 0 | T98: intermediate | U98: triple_negative | V98: 63 | W98: post | X98: african american | Y98: 0 | AD98: axial | AE98: 1 | AF98: 4 | AG98: 1 | AH98: 1.5 | AI98: 448 | AJ98: 448 | AK98: 192 | AL98: [0.75892859697342, 0.75892859697342] | AM98: 1 | AN98: DUKE | AO98: SIEMENS | AP98: Avanto | AQ98: 15 | AR98: 110 | AS98: 302 | AT98: 1.36 | AU98: 4.31 | AV98: [0, 183, 308, 435] | AX98: 1.3.6.1.4.1.14519.5.2.1.108972083601851257014955851270294632119
A99: DUKE_282 | B99: DUKE | C99: 0 | D99: 1 | F99: 0 | G99: 0 | H99: 0 | I99: 0 | J99: 133 | K99: 548 | M99: 801 | N99: 0 | O99: 0 | P99: 0 | Q99: 0 | T99: high | U99: triple_negative | V99: 43 | W99: pre | X99: african american | Y99: 0 | AD99: axial | AE99: 1 | AF99: 3 | AG99: 1 | AH99: 1.5 | AI99: 448 | AJ99: 448 | AK99: 176 | AL99: [0.75892859697342, 0.75892859697342] | AM99: 1 | AN99: DUKE | AO99: SIEMENS | AP99: Avanto | AQ99: 15 | AR99: 110 | AS99: 210 | AT99: 1.36 | AU99: 4.31 | AV99: [0, 191, 310] | AX99: 1.3.6.1.4.1.14519.5.2.1.280998101542298919515223221903200922840
A100: DUKE_283 | B100: DUKE | C100: 0 | D100: 0 | F100: 0 | G100: 0 | H100: 0 | I100: 0 | J100: 1876 | K100: 0 | M100: 0 | N100: 0 | O100: 0 | P100: 0 | Q100: 0 | T100: high | U100: triple_negative | V100: 51 | W100: post | X100: african american | Y100: 0 | AD100: axial | AE100: 1 | AF100: 4 | AG100: 1 | AH100: 3 | AI100: 512 | AJ100: 512 | AK100: 176 | AL100: [0.7422, 0.7422] | AM100: 1 | AN100: DUKE | AO100: GE | AP100: Signa HDxt | AQ100: 15 | AR100: 516 | AS100: 1033 | AT100: 2.36 | AU100: 5.136 | AV100: [0, 148, 250, 352] | AX100: 1.3.6.1.4.1.14519.5.2.1.334013800229810485096048569013949302984
...

Sheet analysis
B1: Unilateral/Unifocal | C1: Multifocal | D1: Bilateral
A2: Num Patients | B2: =1506 - SUM(C2:D2) -> 937 | C2: =SUM(dataset_info!D:D) -> 539 | D2: =SUM(dataset_info!C:C) -> 30 | E2: =SUM(B2:D2) -> 1506
B4: Unlabeled | C4: Pre-menopause | D4: Post-menopause
A5: Num Patients | B5: =COUNTBLANK(dataset_info!W2:W1507) -> 408 | C5: {=SUMPRODUCT(--(ISNUMBER(SEARCH("pre", dataset_info!W:W)) + ISNUMBER(SEARCH("peri", dataset_info!W:W)) > 0))} -> 678 | D5: {=SUMPRODUCT(--ISNUMBER(SEARCH("post", dataset_info!W2:W1507)))} -> 420 | E5: =SUM(C5:D5) -> 1098
B7: Unlabeled | C7: A | D7: B | E7: C | F7: D
A8: Num Patients | B8: =COUNTBLANK(dataset_info!AC2:AC1507) -> 1446 | C8: {=SUMPRODUCT(--ISNUMBER(SEARCH("a", dataset_info!AC2:AC1507)))} -> 3 | D8: {=SUMPRODUCT(--ISNUMBER(SEARCH("b", dataset_info!AC2:AC1507)))} -> 14 | E8: {=SUMPRODUCT(--ISNUMBER(SEARCH("c", dataset_info!AC2:AC1507)))} -> 31 | F8: {=SUMPRODUCT(--ISNUMBER(SEARCH("d", dataset_info!AC2:AC1507)))} -> 12 | G8: =SUM(C8:F8) -> 60 | H8: =B8/G8 -> 24.1
B10: 3 | C10: 4 | D10: 5 | E10: 6
A11: Num Patients | B11: =COUNTIF(dataset_info!$AF:$AF, "=3") -> 205 | C11: =COUNTIF(dataset_info!$AF:$AF, "=4") -> 179 | D11: =COUNTIF(dataset_info!$AF:$AF, "=5") -> 137 | E11: =COUNTIF(dataset_info!$AF:$AF, "=6") -> 985 | F11: =SUM(B11:E11) -> 1506

Sheet legend
A1: Field | B1: Description | C1: Options | D1: Unnamed: 3
A2: patient_id | B2: Dataset and identfication number (ID) of the patient | C2: The ID number of the source dataset is kept
A3: dataset | B3: Name of the source dataset from TCIA | C3: DUKE
C4: ISPY1
C5: ISPY2
C6: NACT
A7: bilateral_breast_cancer | B7: The patient has bilateral breast cancer | C7: 0: no, 1: yes, empty: no info available
A8: multifocal cancer | B8: The patient has two or more distinct tumor masses in the same breast | C8: 0: no, 1: yes, empty: no info available
A9: nac_agent | B9: Treatment agent | C9: Anthracycline
C10: Taxane
C11: Paclitaxel
C12: FEC100
C13: T-DM1
C14: Pertuzumab
C15: Trastuzumab
C16: Ganitumab
C17: Ganetespib
C18: Neratinib
C19: AMG 386
C20: ABT 888
C21: MK-2206
C22: Carboplatin
A23: endocrine_therapy | B23: The patient received endocrine therapy | C23: 0: no, 1: yes, empty: no info available
A24: anti_her2_neu_therapy | B24: The patient received anti _HER2 neu therapy | C24: 0: no, 1: yes, empty: no info available
A25: pcr | B25: Pathological complete response to neoadjuvant chemotherapy | C25: 0: no, 1: yes, empty: no info available
A26: mastectomy_post_nac | B26: Mastectomy surgery after nac treatment | C26: 0: no, 1: yes, empty: no info available
A27: days_to_follow_up | B27: Number of days until the last follow up or death | C27: days, if empty no ifo is available
A28: days_to_recurrence | B28: Number of days until tumor recurrence | C28: 0: no recurrence
C29: >0: days to recurrence
C30: empty: no info available
A31: days_to_death | B31: Number of days until death | C31: 0: no death
C32: >0: days to death
C33: empty: no info available
A34: days_to_metastasis | B34: Number of days until tumor recurrence with metastasis | C34: 0: no metastasis
C35: >0: days to metastasis
C36: empty: no info available
A37: hr | B37: Hormone Receptor | C37: 0: negative, 1: positive, empty: no info available
A38: er | B38: Estrogen Receptor | C38: 0: negative, 1: positive, empty: no info available
A39: pr | B39: Progesterone Receptor | C39: 0: negative, 1: positive, empty: no info available
A40: her2 | B40: Human Epidermal growth factor Receptor 2 | C40: 0: negative, 1: positive, empty: no info available
A41: mammaprint | B41: MammaPrint 70-gene assay test score. MammaPrint risk class. | C41: 0: low risk, 1: high risk, empty: no info available
A42: oncotype | B42: Oncotype DX Recurrence Score (RS) | C42: recurrence score from 0 to 100, empty: no info available
A43: nottingham_grade | B43: Nottingham grade | C43: low, intermediate, high
A44: tumor_subtype | B44: Tumor subtype established from receptor status | C44: luminal | D44: Not enough info to categorize as A or B
C45: luminal_a
C46: luminal_b
C47: her2_enriched
C48: her2_pure
C49: triple_negative
A50: age | B50: Age at first screening | C50: years, empty: no info avaiable
A51: menopause | B51: Menopausal status at first screening | C51: pre, peri, post
A52: ethnicity | B52: Ethnicity provided in TCIA | C52: african american
C53: american indian
C54: american indian/alaskan native
C55: asian
C56: caucasian
C57: hawaian
C58: hawaian/pacific islander
C59: hispanic
C60: native american
C61: multiple race
A62: has_implant | B62: Patient has breast implant | C62: 0: no, 1: yes
A63: weight | B63: Patient weight specified in the original DICOM metadata | C63: kg
A64: patient_size | B64: Patient size specified in the original DICOM metadata | C64: cm
A65: bmi_group | B65: Body Mass Index category. If patient_size is unknown, a default size of 1.65cm was used to determine bmi group. | C65: underweight
C66: normal
C67: overweight
C68: obesity_class1
C69: obesity_class2
C70: obesity_class3
A71: breast_density | C71: a | D71: fatty
C72: b | D72: scattered fibroglandular
C73: c | D73: heterogeneously dense
C74: d | D74: extremely dense
A75: view | B75: MRI acquisition plane | C75: axial, sagittal
A76: bilateral_mri | B76: Bilateral MRI | C76: 0: unilateral, 1: bilateral
A77: num_phases | B77: Number of phases (1 pre-contrast phase and 2 or more post-contrast phases) | C77: min: 3, max: 11
A78: fat_suppressed | B78: Fat suppression was applied | C78: 0: no, 1: yes
A79: field_strength | B79: Field strength of the MRI (Tesla) | C79: 1.5, 3
A80: image_rows | B80: Number of rows of the MRI
A81: image_columns | B81: Number of columns of the MRI
A82: num_slices | B82: Number of slices of the MRI
A83: pixel_spacing | B83: Pixel spacing of the MRI in [x,y,z] (mm)
A84: slice_thickness | B84: Slice thickness of the MRI (mm) | C84: min: 0.88, max:4.0
A85: site | B85: Clinical trial site ID
A86: manufacturer | B86: Scanner manufacturer | C86: GE
C87: Philips
C88: SIEMENS
A89: scanner_model | B89: Scanner model | C89: Achieva, Avanto, Signa HD and HDxt, Skyra, Optima MR450w, TrioTim, Genesis Signa, Espree, Discovery MR750 and MR750w, Sonata, Verio, Symphony, SymphonyTim, Signa Excite, Prisma fit, Magnetom Vision and Vision plus, Intera, Gyroscan Intera
A90: high_bit | B90: Most significant bit for pixel sample data
A91: window_center | B91: Window center for display
A92: window_width | B92: Window width for display
A93: echo_time | B93: Time in between the middle of the excitation pulse and the peak of the echo produced | C93: milliseconds
A94: repetition_time | B94: Period of time in between the beginning of a pulse sequence and the beginning of the succeeding pulse sequence | C94: milliseconds
A95: acquisition_times | B95: Time difference between the corresponding phase compared to the pre-contrast phase | C95: list of seconds
A96: acquisition_date | B96: Date of MRI acquisition. May not correspond to real dates due to anonymization | C96: date: yyyy/mm/dd
A97: tcia_series_uid | B97: Unique identifier of the series in TCIA
